ticker,revenue,checked_at
AMZN,775680032768.0,2026-10-07 17:37:28.280429
WMT,735839977472.0,2026-10-08 17:40:27.212550
AAPL,466822987776.0,2026-10-07 17:37:27.243848
UNH,450525986816.0,2026-10-09 17:15:41.542080
GOOGL,445865984000.0,2026-10-07 17:37:27.243848
GOOG,445865984000.0,2026-10-07 17:37:27.243848
CVS,412644999168.0,2026-10-07 17:37:25.087504
MCK,410983006208.0,2026-10-08 17:40:27.212550
BRK-A,384687013888.0,2026-10-07 17:37:20.831404
BRK-B,384687013888.0,2026-10-07 17:37:20.831404
XOM,361060007936.0,2026-10-09 17:15:41.542080
COR,332771328000.0,2026-10-07 17:37:20.831404
MSFT,331839012864.0,2026-10-08 17:40:27.212550
COST,303154003968.0,2026-10-07 17:37:20.831404
NVDA,302970011648.0,2026-10-08 17:40:28.174371
SHEL,296600993792.0,2026-10-08 17:40:28.174371
CI,282382008320.0,2026-10-07 17:37:20.831404
CAH,254247993344.0,2026-10-07 17:37:20.831404
META,228246994944.0,2026-10-08 17:40:27.212550
BP,215465000960.0,2026-10-07 17:37:20.831404
CVX,209383997440.0,2026-10-07 17:37:25.087504
ELV,201113993216.0,2026-10-07 17:37:25.087504
TTE,196381999104.0,2026-10-09 17:15:41.542080
F,187972993024.0,2026-10-07 17:37:20.831404
JPM,186328006656.0,2026-10-08 17:40:31.774746
GM,185527992320.0,2026-10-07 17:37:27.243848
CNC,180304003072.0,2026-10-07 17:37:20.831404
HD,169176006656.0,2026-10-07 17:37:27.243848
SNEX,155784396800.0,2026-10-08 17:40:28.174371
MPC,154145996800.0,2026-10-08 17:40:27.212550
PSX,152167006208.0,2026-10-08 17:40:25.818901
DELL,151197007872.0,2026-10-07 17:37:25.087504
KR,149326004224.0,2026-10-08 17:40:31.774746
HUM,145679007744.0,2026-10-08 17:40:31.774746
VZ,138894999552.0,2026-10-09 17:15:43.636591
MU,133188001792.0,2026-10-08 17:40:27.212550
VLO,132429996032.0,2026-10-09 17:15:41.542080
T,127238995968.0,2026-10-09 17:15:41.542080
CMCSA,124903997440.0,2026-10-07 17:37:20.831404
BAC,113931001856.0,2026-10-07 17:37:28.280429
EQNR,113652998144.0,2026-10-07 17:37:25.087504
TGT,107704999936.0,2026-10-09 17:15:41.542080
ET,107378999296.0,2026-10-07 17:37:25.087504
TSLA,103619002368.0,2026-10-09 17:15:41.542080
DIS,98860998656.0,2026-10-07 17:37:25.087504
JNJ,97929003008.0,2026-10-08 17:40:31.774746
PEP,96904003584.0,2026-10-08 17:40:25.818901
FDX,94720000000.0,2026-10-07 17:37:28.280429
BA,93994999808.0,2026-10-07 17:37:28.280429
RTX,93499998208.0,2026-10-08 17:40:28.174371
TMUS,92188999680.0,2026-10-09 17:15:41.542080
BG,91818999808.0,2026-10-07 17:37:20.831404
JBS,91168210944.0,2026-10-08 17:40:31.774746
PGR,91019001856.0,2026-10-08 17:40:25.818901
LOW,90431995904.0,2026-10-08 17:40:31.774746
UPS,89929998336.0,2026-10-09 17:15:41.542080
AVGO,89103998976.0,2026-10-07 17:37:28.280429
PG,87031996416.0,2026-10-08 17:40:25.818901
SYY,84552998912.0,2026-10-09 17:15:41.542080
ACI,83233300480.0,2026-10-07 17:37:28.280429
WFC,83026001920.0,2026-10-09 17:15:43.636591
ADM,82099003392.0,2026-10-07 17:37:27.243848
C,81711996928.0,2026-10-07 17:37:20.831404
BN,80692002816.0,2026-10-07 17:37:20.831404
LLY,79666003968.0,2026-10-08 17:40:31.774746
MET,79398002688.0,2026-10-08 17:40:27.212550
HCA,78012997632.0,2026-10-07 17:37:27.243848
MS,77827997696.0,2026-10-08 17:40:27.212550
LMT,77013999616.0,2026-10-08 17:40:31.774746
SNX,75673559040.0,2026-10-08 17:40:28.174371
CAT,74728996864.0,2026-10-07 17:37:20.831404
ACN,74183442432.0,2026-10-07 17:37:28.280429
ORCL,71776002048.0,2026-10-08 17:40:25.818901
AXP,70912999424.0,2026-10-07 17:37:28.280429
ALL,70137004032.0,2026-10-07 17:37:28.280429
IBM,69094998016.0,2026-10-08 17:40:31.774746
DAL,68287000576.0,2026-10-07 17:37:25.087504
GS,67569999872.0,2026-10-07 17:37:27.243848
HSBC,67432001536.0,2026-10-08 17:40:28.174371
MRK,66568998912.0,2026-10-08 17:40:27.212550
PRU,65223999488.0,2026-10-08 17:40:25.818901
COP,64459001856.0,2026-10-07 17:37:20.831404
ABBV,64385998848.0,2026-10-07 17:37:27.243848
PFGC,64339501056.0,2026-10-08 17:40:25.818901
PFE,63695998976.0,2026-10-08 17:40:25.818901
CSCO,63324999680.0,2026-10-07 17:37:25.087504
UAL,62902001664.0,2026-10-09 17:15:41.542080
MT,62846001152.0,2026-10-08 17:40:27.212550
BUD,62614999040.0,2026-10-07 17:37:20.831404
TJX,62363000832.0,2026-10-09 17:15:41.542080
CB,61895999488.0,2026-10-07 17:37:20.831404
RIO,61793001472.0,2026-10-08 17:40:28.174371
AZN,61366001664.0,2026-10-07 17:37:28.280429
HPQ,59162001408.0,2026-10-07 17:37:27.243848
BHP,58759999488.0,2026-10-07 17:37:20.831404
EPD,58470998016.0,2026-10-07 17:37:25.087504
GLXY,58366902272.0,2026-10-07 17:37:27.243848
AAL,58337001472.0,2026-10-07 17:37:27.243848
INTC,57031999488.0,2026-10-08 17:40:31.774746
NVS,56692998144.0,2026-10-08 17:40:28.174371
INGM,55975514112.0,2026-10-08 17:40:31.774746
TSN,55694000128.0,2026-10-09 17:15:41.542080
UBER,55226998784.0,2026-10-09 17:15:41.542080
GD,54861000704.0,2026-10-07 17:37:27.243848
CHTR,54395998208.0,2026-10-07 17:37:20.831404
UBS,53040001024.0,2026-10-09 17:15:41.542080
PAGP,52304998400.0,2026-10-08 17:40:25.818901
PAA,52304998400.0,2026-10-08 17:40:25.818901
GE,50638999552.0,2026-10-07 17:37:27.243848
KO,50128998400.0,2026-10-08 17:40:31.774746
BMY,49186000896.0,2026-10-07 17:37:20.831404
TRV,48979001344.0,2026-10-09 17:15:41.542080
NFLX,48370765824.0,2026-10-08 17:40:27.212550
COF,48109998080.0,2026-10-07 17:37:20.831404
DE,47927001088.0,2026-10-07 17:37:25.087504
ABT,46584999936.0,2026-10-07 17:37:28.280429
TMO,46336000000.0,2026-10-09 17:15:41.542080
NKE,45890998272.0,2026-10-08 17:40:27.212550
V,44487999488.0,2026-10-09 17:15:41.542080
QCOM,44068999168.0,2026-10-08 17:40:25.818901
CRM,43938000896.0,2026-10-07 17:37:25.087504
CBRE,43711000576.0,2026-10-07 17:37:20.831404
DG,43637997568.0,2026-10-07 17:37:25.087504
NOC,42892001280.0,2026-10-08 17:40:27.212550
MGA,42671001600.0,2026-10-08 17:40:27.212550
PM,42545000448.0,2026-10-08 17:40:25.818901
MOH,42468999168.0,2026-10-08 17:40:27.212550
BBY,42201001984.0,2026-10-07 17:37:28.280429
HPE,41870999552.0,2026-10-07 17:37:27.243848
WKC,41697001472.0,2026-10-09 17:15:43.636591
GEV,41366999040.0,2026-10-07 17:37:27.243848
DOW,41318998016.0,2026-10-07 17:37:25.087504
AMD,41305001984.0,2026-10-07 17:37:28.280429
USFD,40133001216.0,2026-10-09 17:15:41.542080
MDLZ,39674998784.0,2026-10-08 17:40:27.212550
SUNC,39580999680.0,2026-10-08 17:40:28.174371
SUN,39580999680.0,2026-10-08 17:40:28.174371
OKE,39366000640.0,2026-10-08 17:40:25.818901
SMCIP,39063072768.0,2026-09-16 15:15:02.811913
SMCI,39063072768.0,2026-10-08 17:40:28.174371
CRH,38632001536.0,2026-10-07 17:37:28.280429
SBUX,38338301952.0,2026-10-08 17:40:28.174371
AMGN,38094999552.0,2026-10-07 17:37:28.280429
HON,38057000960.0,2026-10-07 17:37:27.243848
LAD,37936398336.0,2026-10-08 17:40:31.774746
MDT,37541998592.0,2026-10-08 17:40:27.212550
CHSCL,37405868032.0,2026-10-07 17:37:20.831404
CHSCM,37405868032.0,2026-10-07 17:37:20.831404
CHSCN,37405868032.0,2026-10-07 17:37:20.831404
CHSCO,37405868032.0,2026-10-07 17:37:20.831404
CHSCP,37405868032.0,2026-10-07 17:37:20.831404
SLB,36366000128.0,2026-10-08 17:40:28.174371
WBD,36115001344.0,2026-09-09 14:57:24.401443
NUE,36101001216.0,2026-10-08 17:40:27.212550
JBL,35953999872.0,2026-10-08 17:40:31.774746
ARW,35924754432.0,2026-10-07 17:37:28.280429
APO,35598000128.0,2026-10-07 17:37:28.280429
CPNG,35462000640.0,2026-10-07 17:37:28.280429
LIN,35448999936.0,2026-10-08 17:40:31.774746
MELI,35181998080.0,2026-10-08 17:40:27.212550
MA,35083001856.0,2026-10-08 17:40:31.774746
CMI,34708000768.0,2026-10-07 17:37:20.831404
PBF,34373201920.0,2026-10-08 17:40:25.818901
PYPL,34127998976.0,2026-10-08 17:40:25.818901
DHI,33350000640.0,2026-10-07 17:37:25.087504
NRG,33124999168.0,2026-10-08 17:40:27.212550
PWR,32905140224.0,2026-10-08 17:40:25.818901
DUK,32803000320.0,2026-10-07 17:37:25.087504
DUKU,32803000320.0,2026-09-16 15:15:02.811913
PAG,32198500352.0,2026-10-08 17:40:25.818901
LEN-B,31973076992.0,2026-10-08 17:40:31.774746
LEN,31973076992.0,2026-10-08 17:40:31.774746
FERG,31446200320.0,2026-10-07 17:37:28.280429
SW,31325999104.0,2026-10-09 17:15:41.542080
CEG,31270000640.0,2026-10-07 17:37:20.831404
DINO,31228000256.0,2026-10-07 17:37:25.087504
LYB,31192000512.0,2026-10-08 17:40:31.774746
UNFI,31152001024.0,2026-10-09 17:15:41.542080
AMAT,30837000192.0,2026-10-07 17:37:28.280429
GILD,30456999936.0,2026-10-07 17:37:27.243848
SO,30179000320.0,2026-10-08 17:40:28.174371
SOMN,30179000320.0,2026-10-08 17:40:28.174371
LUV,30072999936.0,2026-10-08 17:40:25.818901
ETN,30026000384.0,2026-10-07 17:37:25.087504
MDLN,29938999296.0,2026-10-08 17:40:27.212550
KMX,29457434624.0,2026-10-08 17:40:31.774746
HIG,29315000320.0,2026-10-07 17:37:27.243848
FLEX,29266999296.0,2026-10-07 17:37:27.243848
PSKY,29109999616.0,2026-09-08 14:50:28.779950
APH,29011599360.0,2026-10-07 17:37:28.280429
NEE,28700000256.0,2026-10-08 17:40:27.212550
BKNG,28241000448.0,2026-10-07 17:37:20.831404
MRSH,27946999808.0,2026-10-08 17:40:27.212550
PCAR,27815800832.0,2026-10-08 17:40:25.818901
BKR,27725000704.0,2026-10-07 17:37:20.831404
SE,27723159552.0,2026-10-08 17:40:28.174371
MCD,27701999616.0,2026-10-08 17:40:27.212550
AVT,27632683008.0,2026-10-07 17:37:28.280429
CCL,27593000960.0,2026-10-07 17:37:20.831404
AN,27448500224.0,2026-10-07 17:37:28.280429
JLL,27433500672.0,2026-10-08 17:40:31.774746
USB,27320999936.0,2026-10-09 17:15:41.542080
BLK,27299000320.0,2026-10-07 17:37:20.831404
NTR,27288000512.0,2026-10-08 17:40:27.212550
BBUC,26946000896.0,2026-10-07 17:37:28.280429
AIG,26738999296.0,2026-10-07 17:37:28.280429
EOG,26720999424.0,2026-10-07 17:37:25.087504
LYV,26272534528.0,2026-10-08 17:40:31.774746
SCHW,26025000960.0,2026-10-08 17:40:28.174371
ADBE,25969999872.0,2026-10-07 17:37:27.243848
RGA,25969999872.0,2026-10-08 17:40:28.174371
FCX,25867999232.0,2026-10-07 17:37:28.280429
PCG,25837000704.0,2026-10-08 17:40:25.818901
SYK,25837000704.0,2026-10-09 17:15:41.542080
KKR,25833117696.0,2026-10-08 17:40:31.774746
NEM,25767000064.0,2026-10-08 17:40:27.212550
WM,25667000320.0,2026-10-08 17:40:27.212550
GOLD,25513408512.0,2026-10-07 17:37:27.243848
UNP,25410000896.0,2026-10-09 17:15:41.542080
EXC,25326000128.0,2026-10-07 17:37:25.087504
MMM,25180000256.0,2026-10-08 17:40:27.212550
DHR,25106999296.0,2026-10-07 17:37:25.087504
GPC,25071538176.0,2026-10-07 17:37:27.243848
BIP,25062000640.0,2026-10-07 17:37:20.831404
CVNA,25058000896.0,2026-10-07 17:37:25.087504
XYZ,25041963008.0,2026-10-09 17:15:41.542080
WCC,25012799488.0,2026-10-09 17:15:43.636591
JCI,24995000320.0,2026-10-08 17:40:31.774746
RZB,24931999744.0,2026-06-08 14:44:07.369559
KHC,24899999744.0,2026-10-08 17:40:31.774746
ROST,24511797248.0,2026-10-08 17:40:28.174371
SHW,24410300416.0,2026-10-08 17:40:28.174371
PNC,24319000576.0,2026-10-08 17:40:25.818901
IP,24202999808.0,2026-10-08 17:40:31.774746
OXY,23925999616.0,2026-10-08 17:40:25.818901
LEA,23700600832.0,2026-10-08 17:40:31.774746
AMCR,23505999872.0,2026-10-07 17:37:28.280429
CDW,23500400640.0,2026-10-07 17:37:20.831404
LRCX,23232690176.0,2026-10-08 17:40:25.818901
SPCX,23043999744.0,2026-09-12 13:49:16.620674
LHX,22932000768.0,2026-10-08 17:40:31.774746
BJ,22811629568.0,2026-10-07 17:37:20.831404
AEP,22791000064.0,2026-10-07 17:37:27.243848
M,22780999680.0,2026-10-08 17:40:31.774746
BDX,22484000768.0,2026-10-07 17:37:28.280429
HAL,22372999168.0,2026-10-07 17:37:27.243848
OMC,22371299328.0,2026-10-08 17:40:25.818901
TT,22209900544.0,2026-10-09 17:15:41.542080
GPI,22154799104.0,2026-10-07 17:37:27.243848
CARR,22108000256.0,2026-10-07 17:37:20.831404
ADP,21947400192.0,2026-10-07 17:37:27.243848
THC,21812000768.0,2026-10-09 17:15:41.542080
CTSH,21642000384.0,2026-10-07 17:37:25.087504
PH,21499000832.0,2026-10-08 17:40:25.818901
GLP,21456187392.0,2026-10-07 17:37:27.243848
INTU,21447999488.0,2026-10-08 17:40:31.774746
BNY,21415000064.0,2026-10-07 17:37:20.831404
GEHC,21265999872.0,2026-10-07 17:37:27.243848
DKS,21145145344.0,2026-10-07 17:37:25.087504
CL,21046999040.0,2026-10-07 17:37:20.831404
BSX,20995999744.0,2026-10-07 17:37:20.831404
LNG,20920000512.0,2026-10-08 17:40:31.774746
B,20654999552.0,2026-10-07 17:37:28.280429
STLD,20538677248.0,2026-10-08 17:40:28.174371
APTV,20518000640.0,2026-10-07 17:37:28.280429
MO,20444000256.0,2026-10-08 17:40:27.212550
AZO,20338554880.0,2026-10-07 17:37:28.280429
INFY,20298999808.0,2026-10-08 17:40:31.774746
SNDK,20248000512.0,2026-10-08 17:40:28.174371
KDP,20089999360.0,2026-10-08 17:40:31.774746
BTGO,20069963776.0,2026-10-07 17:37:20.831404
DLTR,20068700160.0,2026-10-07 17:37:25.087504
ARMK,19845263360.0,2026-10-07 17:37:28.280429
AMP,19839000576.0,2026-10-07 17:37:28.280429
DEO,19643000832.0,2026-10-07 17:37:25.087504
CRBG,19515000832.0,2026-10-07 17:37:28.280429
TXN,19452999680.0,2026-10-09 17:15:41.542080
EIX,19423000576.0,2026-10-07 17:37:25.087504
LNC,19392999424.0,2026-10-08 17:40:31.774746
TEL,19321999360.0,2026-10-09 17:15:41.542080
ACGLN,19232000000.0,2026-10-07 17:37:28.280429
ACGL,19232000000.0,2026-10-07 17:37:28.280429
ACGLO,19232000000.0,2026-10-07 17:37:28.280429
VST,19211999232.0,2026-10-09 17:15:43.636591
LPLA,19195801600.0,2026-10-08 17:40:31.774746
CLF,19195000832.0,2026-10-07 17:37:20.831404
MUSA,19094800384.0,2026-10-08 17:40:27.212550
TFC,19028000768.0,2026-10-09 17:15:41.542080
GWW,18844999680.0,2026-10-07 17:37:27.243848
DVN,18780999680.0,2026-10-07 17:37:25.087504
MAN,18718099456.0,2026-10-08 17:40:31.774746
L,18694000640.0,2026-10-08 17:40:31.774746
RCL,18681999360.0,2026-10-08 17:40:31.774746
CASY,18672330752.0,2026-10-07 17:37:20.831404
EMR,18635999232.0,2026-10-07 17:37:25.087504
EME,18597775360.0,2026-10-07 17:37:25.087504
ORLY,18572562432.0,2026-10-08 17:40:25.818901
PPC,18436042752.0,2026-10-08 17:40:25.818901
GIS,18296600576.0,2026-10-07 17:37:27.243848
CNH,18185000960.0,2026-10-07 17:37:20.831404
D,18119000064.0,2026-10-07 17:37:25.087504
UHS,18114486272.0,2026-10-09 17:15:41.542080
AFL,18069000192.0,2026-10-07 17:37:27.243848
ABG,17974999040.0,2026-10-07 17:37:28.280429
KMI,17959000064.0,2026-10-08 17:40:31.774746
HONA,17915000832.0,2026-09-28 18:19:46.995311
MGM,17761441792.0,2026-10-08 17:40:27.212550
GT,17692999680.0,2026-10-07 17:37:27.243848
ED,17688999936.0,2026-10-07 17:37:25.087504
LDOS,17634000896.0,2026-10-08 17:40:31.774746
AON,17577000960.0,2026-10-07 17:37:28.280429
TEVA,17315000320.0,2026-10-09 17:15:41.542080
FLUT,17160999936.0,2026-10-07 17:37:27.243848
FOXA,17125999616.0,2026-10-07 17:37:27.243848
FOX,17125999616.0,2026-10-07 17:37:27.243848
CX,17037756416.0,2026-10-07 17:37:25.087504
CHRW,16996511744.0,2026-10-07 17:37:20.831404
IQV,16983000064.0,2026-10-08 17:40:31.774746
GLW,16963999744.0,2026-10-07 17:37:27.243848
VG,16951000064.0,2026-10-09 17:15:41.542080
RSG,16890999808.0,2026-10-08 17:40:28.174371
ECL,16842500096.0,2026-10-07 17:37:25.087504
URI,16832000000.0,2026-10-09 17:15:41.542080
EG,16824999936.0,2026-10-07 17:37:25.087504
TRGP,16741499904.0,2026-10-09 17:15:41.542080
MKL,16596448256.0,2026-10-08 17:40:27.212550
KMB,16581999616.0,2026-10-08 17:40:31.774746
ITW,16469000192.0,2026-10-08 17:40:31.774746
DTE,16465000448.0,2026-10-07 17:37:25.087504
PPG,16421000192.0,2026-10-08 17:40:25.818901
PHM,16407075840.0,2026-10-08 17:40:25.818901
FANG,16248000512.0,2026-10-07 17:37:20.831404
SPGI,16122000384.0,2026-10-08 17:40:28.174371
MTZ,16109103104.0,2026-10-08 17:40:27.212550
TX,16003600384.0,2026-10-09 17:15:41.542080
DASH,15891000320.0,2026-10-07 17:37:25.087504
LTM,15877734400.0,2026-10-08 17:40:25.818901
RS,15805800448.0,2026-10-08 17:40:28.174371
SCCO,15787499520.0,2026-10-08 17:40:28.174371
TSCO,15750723584.0,2026-10-09 17:15:41.542080
EXPE,15699999744.0,2026-10-07 17:37:25.087504
PFG,15693200384.0,2026-10-08 17:40:25.818901
FE,15635999744.0,2026-10-07 17:37:28.280429
CLS,15594500096.0,2026-10-07 17:37:20.831404
FLR,15534999552.0,2026-10-07 17:37:27.243848
REGN,15534699520.0,2026-10-08 17:40:28.174371
BX,15483307008.0,2026-10-07 17:37:20.831404
SFD,15473000448.0,2026-10-08 17:40:28.174371
SAH,15467599872.0,2026-10-08 17:40:28.174371
KSS,15429999616.0,2026-10-08 17:40:31.774746
KVUE,15408000000.0,2026-10-08 17:40:31.774746
ACM,15393461248.0,2026-10-07 17:37:28.280429
FNF,15349999616.0,2026-10-07 17:37:27.243848
GAP,15326000128.0,2026-10-07 17:37:27.243848
OSCR,15318633472.0,2026-10-08 17:40:25.818901
TXT,15299000320.0,2026-10-09 17:15:41.542080
SWK,15247699968.0,2026-10-09 17:15:41.542080
RJF,15239999488.0,2026-10-08 17:40:28.174371
CNA,15150999552.0,2026-10-07 17:37:20.831404
ADNT,15125999616.0,2026-10-07 17:37:27.243848
AJG,15109000192.0,2026-10-07 17:37:28.280429
EL,15048999936.0,2026-10-07 17:37:25.087504
STT,15022999552.0,2026-10-08 17:40:28.174371
KD,14967000064.0,2026-10-08 17:40:31.774746
WHR,14920999936.0,2026-10-09 17:15:43.636591
OTIS,14910999552.0,2026-10-08 17:40:25.818901
WRB,14896102400.0,2026-10-08 17:40:27.212550
SATS,14802719744.0,2026-06-08 14:44:07.369559
ALK,14762999808.0,2026-10-07 17:37:28.280429
VTRS,14737300480.0,2026-10-09 17:15:43.636591
NOW,14732000256.0,2026-10-08 17:40:27.212550
ECHO,14653925376.0,2026-09-24 15:38:57.194228
XELLL,14616000512.0,2026-10-09 17:15:41.542080
XEL,14616000512.0,2026-10-09 17:15:41.542080
AEM,14525908992.0,2026-10-07 17:37:27.243848
CSX,14512000000.0,2026-10-07 17:37:25.087504
BLDR,14448703488.0,2026-10-07 17:37:20.831404
BTSGU,14371598336.0,2026-10-07 17:37:20.831404
BTSG,14371598336.0,2026-10-07 17:37:20.831404
LH,14348000256.0,2026-10-08 17:40:31.774746
BWA,14343999488.0,2026-10-07 17:37:20.831404
BALL,14325999616.0,2026-10-07 17:37:28.280429
PUK,14309000192.0,2026-10-08 17:40:25.818901
J,14219215872.0,2026-10-08 17:40:31.774746
AMTM,14129999872.0,2026-10-07 17:37:28.280429
DVA,14009646080.0,2026-10-07 17:37:25.087504
ES,13998372864.0,2026-10-07 17:37:25.087504
CINF,13953999872.0,2026-10-07 17:37:20.831404
TVC,13950999552.0,2026-10-09 17:15:41.542080
ADI,13881744384.0,2026-10-07 17:37:27.243848
WDS,13840000000.0,2026-10-09 17:15:43.636591
LVS,13719000064.0,2026-10-08 17:40:25.818901
LKQ,13688000512.0,2026-10-08 17:40:31.774746
GXO,13640999936.0,2026-10-07 17:37:27.243848
AA,13603000320.0,2026-10-07 17:37:27.243848
HSIC,13601999872.0,2026-10-08 17:40:28.174371
KLAC,13579475968.0,2026-10-08 17:40:31.774746
SRE,13552000000.0,2026-10-08 17:40:28.174371
ETR,13482226688.0,2026-10-07 17:37:25.087504
AIZ,13456199680.0,2026-10-07 17:37:28.280429
DRI,13366500352.0,2026-10-07 17:37:25.087504
UNM,13347699712.0,2026-10-09 17:15:41.542080
SHOP,13269000192.0,2026-10-08 17:40:28.174371
CCK,13255999488.0,2026-10-07 17:37:20.831404
HII,13185000448.0,2026-10-07 17:37:27.243848
NXPI,13185000448.0,2026-10-08 17:40:25.818901
ABNB,13159000064.0,2026-10-07 17:37:28.280429
STM,13098999808.0,2026-10-08 17:40:28.174371
CHWY,13068699648.0,2026-10-07 17:37:20.831404
AES,13054000128.0,2026-10-07 17:37:27.243848
ULTA,12955516928.0,2026-10-09 17:15:41.542080
WDC,12919000064.0,2026-10-09 17:15:43.636591
W,12903999488.0,2026-10-09 17:15:43.636591
R,12819000320.0,2026-10-08 17:40:25.818901
SANM,12763371520.0,2026-10-08 17:40:28.174371
WELL,12763214848.0,2026-10-09 17:15:43.636591
JBHT,12701309952.0,2026-10-08 17:40:31.774746
EXE,12657999872.0,2026-10-07 17:37:25.087504
APD,12602200064.0,2026-10-07 17:37:28.280429
VRTX,12587200512.0,2026-10-09 17:15:41.542080
PEG,12542999552.0,2026-10-08 17:40:25.818901
NSC,12540000256.0,2026-10-08 17:40:27.212550
DXC,12483999744.0,2026-10-07 17:37:25.087504
YUMC,12437999616.0,2026-10-09 17:15:41.542080
CMG,12423758848.0,2026-10-07 17:37:20.831404
WMB,12323000320.0,2026-10-08 17:40:27.212550
MOS,12247900160.0,2026-10-08 17:40:27.212550
MSI,12236999680.0,2026-10-08 17:40:27.212550
BURL,12208472064.0,2026-10-07 17:37:20.831404
FIS,12199999488.0,2026-10-07 17:37:27.243848
STX,12195000320.0,2026-10-08 17:40:28.174371
AMRZ,12183000064.0,2026-10-07 17:37:28.280429
HSY,12163911680.0,2026-10-08 17:40:28.174371
HRL,12146911232.0,2026-10-07 17:37:27.243848
DK,12056500224.0,2026-10-07 17:37:25.087504
TS,12040356864.0,2026-10-09 17:15:41.542080
EXPD,12036001792.0,2026-10-07 17:37:25.087504
MPLX,12033999872.0,2026-10-08 17:40:27.212550
EBAY,12007999488.0,2026-10-07 17:37:25.087504
CYH,11982999552.0,2026-10-07 17:37:25.087504
WAB,11980000256.0,2026-10-09 17:15:43.636591
ETOR,11872377856.0,2026-10-07 17:37:25.087504
BNT,11852999680.0,2026-10-07 17:37:20.831404
LUMN,11832000512.0,2026-10-08 17:40:25.818901
AU,11825000448.0,2026-10-07 17:37:28.280429
CAR,11710999552.0,2026-10-07 17:37:20.831404
CZR,11648000000.0,2026-10-07 17:37:25.087504
CTAS,11560620032.0,2026-10-07 17:37:25.087504
DGX,11559999488.0,2026-10-07 17:37:25.087504
CQP,11496999936.0,2026-10-07 17:37:28.280429
PANW,11480000512.0,2026-10-08 17:40:25.818901
VRT,11479600128.0,2026-10-09 17:15:41.542080
BAX,11470000128.0,2026-10-07 17:37:28.280429
SUNB,11468000256.0,2026-10-08 17:40:28.174371
GFI,11370500096.0,2026-10-07 17:37:27.243848
WLK,11294000128.0,2026-10-08 17:40:27.212550
CAG,11244900352.0,2026-10-07 17:37:20.831404
FIX,11228023808.0,2026-10-07 17:37:27.243848
MHK,11177600000.0,2026-10-08 17:40:27.212550
RNR,11165704192.0,2026-10-08 17:40:28.174371
LULU,11093954560.0,2026-10-08 17:40:25.818901
BAH,11093000192.0,2026-10-07 17:37:28.280429
TAP,11083499520.0,2026-10-09 17:15:41.542080
TAP-A,11083499520.0,2026-10-09 17:15:41.542080
ALV,11079000064.0,2026-10-07 17:37:28.280429
ISRG,11034399744.0,2026-10-08 17:40:31.774746
AMT,10941500416.0,2026-10-07 17:37:28.280429
ANDE,10938887168.0,2026-10-07 17:37:28.280429
ALC,10860999680.0,2026-10-07 17:37:28.280429
BHC,10853000192.0,2026-10-07 17:37:20.831404
CWK,10818100224.0,2026-10-07 17:37:25.087504
IFF,10780999680.0,2026-10-08 17:40:31.774746
TOL,10759035904.0,2026-10-09 17:15:41.542080
EQH,10620000256.0,2026-10-07 17:37:25.087504
OSK,10610299904.0,2026-10-08 17:40:25.818901
ICE,10558000128.0,2026-10-08 17:40:31.774746
COMP,10555599872.0,2026-10-07 17:37:20.831404
ANET,10540800000.0,2026-10-07 17:37:28.280429
FTI,10420100096.0,2026-10-07 17:37:27.243848
IEP,10389000192.0,2026-10-08 17:40:31.774746
AGCO,10349100032.0,2026-10-07 17:37:27.243848
SEB,10272000000.0,2026-10-08 17:40:28.174371
RKT,10243000320.0,2026-10-08 17:40:28.174371
GPN,10206745600.0,2026-10-07 17:37:27.243848
WDAY,10154999808.0,2026-10-09 17:15:43.636591
NCLH,10154306560.0,2026-10-08 17:40:27.212550
WEC,10137400320.0,2026-10-09 17:15:43.636591
WTW,10101999616.0,2026-10-09 17:15:43.636591
FITB,10094999552.0,2026-10-07 17:37:27.243848
BIIB,10027899904.0,2026-10-07 17:37:20.831404
TDG,10005999616.0,2026-10-09 17:15:41.542080
CNXC,9969468416.0,2026-10-07 17:37:20.831404
SYF,9907999744.0,2026-10-09 17:15:41.542080
EQIX,9904000000.0,2026-10-07 17:37:25.087504
QXO,9898200064.0,2026-10-08 17:40:25.818901
OC,9847000064.0,2026-10-08 17:40:25.818901
WCN,9763922944.0,2026-10-09 17:15:43.636591
CPB,9744000000.0,2026-10-07 17:37:20.831404
ORI,9716799488.0,2026-10-08 17:40:25.818901
CE,9712000000.0,2026-10-07 17:37:20.831404
QSR,9699000320.0,2026-10-08 17:40:25.818901
PLD,9657474048.0,2026-10-08 17:40:25.818901
NVR,9631335424.0,2026-10-08 17:40:28.174371
CNP,9619999744.0,2026-10-07 17:37:20.831404
THO,9608144896.0,2026-10-09 17:15:41.542080
CSTM,9575999488.0,2026-10-07 17:37:25.087504
CACI,9567778816.0,2026-10-07 17:37:20.831404
PKG,9534600192.0,2026-10-08 17:40:25.818901
ZTS,9525000192.0,2026-10-09 17:15:41.542080
OVV,9523000320.0,2026-10-08 17:40:25.818901
VFC,9513920512.0,2026-10-09 17:15:41.542080
JBLU,9502999552.0,2026-10-08 17:40:31.774746
DOLE,9486661632.0,2026-10-07 17:37:25.087504
MTB,9450999808.0,2026-10-08 17:40:27.212550
MRVL,9450300416.0,2026-10-08 17:40:27.212550
SNPS,9416465408.0,2026-10-08 17:40:28.174371
PPL,9397999616.0,2026-10-08 17:40:25.818901
PPLC,9397999616.0,2026-10-08 17:40:25.818901
FCNCA,9331999744.0,2026-10-07 17:37:28.280429
FCNCP,9331999744.0,2026-10-07 17:37:28.280429
FCNCO,9331999744.0,2026-10-07 17:37:28.280429
BEN,9324099584.0,2026-10-07 17:37:20.831404
EQT,9293919232.0,2026-10-07 17:37:25.087504
AVY,9248100352.0,2026-10-07 17:37:28.280429
VGNT,9244000256.0,2026-10-09 17:15:41.542080
MNST,9218957312.0,2026-10-08 17:40:27.212550
STZ,9208699904.0,2026-10-08 17:40:28.174371
HBANP,9176999936.0,2026-10-07 17:37:27.243848
HBANZ,9176999936.0,2026-10-07 17:37:27.243848
HBANL,9176999936.0,2026-10-07 17:37:27.243848
HBAN,9176999936.0,2026-10-07 17:37:27.243848
HBANM,9176999936.0,2026-10-07 17:37:27.243848
SJM,9156899840.0,2026-10-08 17:40:28.174371
ABM,9146000384.0,2026-10-07 17:37:28.280429
XYL,9125999616.0,2026-10-09 17:15:41.542080
HWM,9116999680.0,2026-10-08 17:40:31.774746
NTRSO,9085500416.0,2026-10-08 17:40:27.212550
NTRS,9085500416.0,2026-10-08 17:40:27.212550
NWSA,9027999744.0,2026-10-08 17:40:25.818901
NWS,9027999744.0,2026-10-08 17:40:25.818901
SFM,9004103680.0,2026-10-08 17:40:28.174371
FITBM,8999999488.0,2026-06-08 04:04:44.068028
FITBO,8999999488.0,2026-06-08 04:04:44.068028
FITBP,8999999488.0,2026-06-08 04:04:44.068028
ROK,8972999680.0,2026-10-08 17:40:28.174371
AER,8961823744.0,2026-10-07 17:37:27.243848
PVH,8921499648.0,2026-10-08 17:40:25.818901
HTZWW,8906000384.0,2026-10-08 17:40:31.774746
HTZ,8906000384.0,2026-10-08 17:40:31.774746
EMN,8865000448.0,2026-10-07 17:37:25.087504
CMC,8850087936.0,2026-10-07 17:37:20.831404
QVC,8844000256.0,2026-08-08 11:21:45.491621
QVCG,8844000256.0,2026-10-09 17:15:41.542080
CMS,8812999680.0,2026-10-07 17:37:20.831404
FDXF,8794999808.0,2026-10-07 17:37:28.280429
FAST,8749400064.0,2026-10-07 17:37:20.831404
YUM,8721999872.0,2026-10-09 17:15:41.542080
NOV,8638999552.0,2026-10-08 17:40:27.212550
GPK,8636999680.0,2026-10-07 17:37:27.243848
AAP,8622000128.0,2026-10-07 17:37:27.243848
PARR,8618795008.0,2026-10-08 17:40:25.818901
SIRI,8602999808.0,2026-10-08 17:40:28.174371
NSIT,8579624960.0,2026-10-08 17:40:27.212550
XPO,8574000128.0,2026-10-09 17:15:41.542080
APA,8572000256.0,2026-10-07 17:37:28.280429
ESLT,8546071040.0,2026-10-07 17:37:25.087504
JEF,8514368000.0,2026-10-08 17:40:31.774746
ZBH,8508800000.0,2026-10-09 17:15:41.542080
CVI,8472999936.0,2026-10-07 17:37:25.087504
KGC,8470900224.0,2026-10-08 17:40:31.774746
NU,8442067968.0,2026-10-08 17:40:27.212550
APG,8438000128.0,2026-10-07 17:37:28.280429
DOV,8420563968.0,2026-10-07 17:37:25.087504
POST,8412499968.0,2026-10-08 17:40:25.818901
AEE,8410999808.0,2026-10-07 17:37:27.243848
OPTU,8380052992.0,2026-10-08 17:40:25.818901
RL,8355200000.0,2026-10-08 17:40:28.174371
SOLV,8310000128.0,2026-10-08 17:40:28.174371
ICLR,8294416896.0,2026-10-08 17:40:31.774746
ROP,8280300032.0,2026-10-08 17:40:28.174371
DCH,8223699968.0,2026-10-07 17:37:25.087504
VOYA,8166000128.0,2026-10-09 17:15:41.542080
CFG,8160999936.0,2026-10-07 17:37:20.831404
MCO,8160000000.0,2026-10-08 17:40:27.212550
FITBI,8126000128.0,2026-06-08 04:04:44.068028
TFII,8121615872.0,2026-10-09 17:15:41.542080
VMC,8115800064.0,2026-10-09 17:15:41.542080
AFG,8056999936.0,2026-10-07 17:37:27.243848
WSM,8005155840.0,2026-10-08 17:40:27.212550
TPR,8004199936.0,2026-10-09 17:15:41.542080
FAF,7983900160.0,2026-10-07 17:37:20.831404
RPM,7965272064.0,2026-10-08 17:40:28.174371
IR,7942199808.0,2026-10-08 17:40:31.774746
ALLY,7897999872.0,2026-10-07 17:37:28.280429
AME,7863923200.0,2026-10-07 17:37:28.280429
TRI,7832000000.0,2026-10-09 17:15:41.542080
ADSK,7790000128.0,2026-10-07 17:37:27.243848
XRXDW,7757000192.0,2026-10-09 17:15:41.542080
XRX,7757000192.0,2026-10-09 17:15:41.542080
CF,7738999808.0,2026-10-07 17:37:20.831404
KNX,7729321984.0,2026-10-08 17:40:31.774746
KBR,7722999808.0,2026-10-08 17:40:31.774746
ICL,7712000000.0,2026-10-08 17:40:31.774746
CNM,7697999872.0,2026-10-07 17:37:20.831404
BPYPO,7696999936.0,2026-10-07 17:37:20.831404
BPYPP,7696999936.0,2026-10-07 17:37:20.831404
BPYPN,7696999936.0,2026-10-07 17:37:20.831404
COKE,7691646976.0,2026-10-07 17:37:20.831404
MKC,7685700096.0,2026-10-08 17:40:27.212550
MKC-V,7685700096.0,2026-10-08 17:40:27.212550
GRMN,7671437824.0,2026-10-07 17:37:27.243848
DAN,7662000128.0,2026-10-07 17:37:25.087504
REZI,7651999744.0,2026-10-08 17:40:28.174371
MAS,7619999744.0,2026-10-08 17:40:31.774746
SGI,7616000000.0,2026-10-08 17:40:28.174371
TMHC,7612553216.0,2026-07-10 13:06:49.435913
TROW,7592000000.0,2026-10-09 17:15:41.542080
CRWV,7590000128.0,2026-10-07 17:37:25.087504
IRM,7562470912.0,2026-10-08 17:40:31.774746
EA,7530999808.0,2026-07-08 12:16:13.428549
FTNT,7527399936.0,2026-10-07 17:37:27.243848
PII,7517300224.0,2026-10-08 17:40:25.818901
BR,7476800000.0,2026-10-07 17:37:20.831404
SON,7461010944.0,2026-10-08 17:40:28.174371
AMKR,7457679872.0,2026-10-07 17:37:28.280429
AS,7435500032.0,2026-10-07 17:37:28.280429
WYNN,7413425152.0,2026-10-09 17:15:41.542080
SAIC,7401999872.0,2026-10-08 17:40:28.174371
NTAP,7391000064.0,2026-10-08 17:40:27.212550
MAR,7384999936.0,2026-10-08 17:40:31.774746
GNW,7381000192.0,2026-10-07 17:37:27.243848
A,7372000256.0,2026-10-07 17:37:27.243848
KEY,7370999808.0,2026-10-08 17:40:31.774746
WMG,7304000000.0,2026-10-08 17:40:27.212550
UGI,7296000000.0,2026-10-09 17:15:41.542080
PRIM,7284199936.0,2026-10-08 17:40:25.818901
WSO-B,7283631104.0,2026-10-08 17:40:27.212550
WSO,7283631104.0,2026-10-08 17:40:27.212550
TIGO,7248000000.0,2026-10-09 17:15:41.542080
NWL,7246000128.0,2026-10-08 17:40:28.174371
RF,7238000128.0,2026-10-08 17:40:28.174371
RUSHA,7236521984.0,2026-10-08 17:40:28.174371
RUSHB,7236521984.0,2026-10-08 17:40:28.174371
INGR,7215000064.0,2026-10-08 17:40:31.774746
BBWI,7208999936.0,2026-10-07 17:37:28.280429
PENN,7159900160.0,2026-10-08 17:40:25.818901
RTO,7133000192.0,2026-10-08 17:40:28.174371
COHR,7118180864.0,2026-10-07 17:37:20.831404
DD,6988000256.0,2026-10-07 17:37:25.087504
VIK,6968238080.0,2026-10-09 17:15:41.542080
SPG,6940724224.0,2026-10-08 17:40:28.174371
GFS,6937999872.0,2026-10-07 17:37:27.243848
VSXY,6911000064.0,2026-10-09 17:15:43.636591
SN,6909956096.0,2026-10-08 17:40:28.174371
IVZ,6902499840.0,2026-10-08 17:40:31.774746
ARKO,6885069824.0,2026-10-07 17:37:28.280429
NI,6881500160.0,2026-10-08 17:40:27.212550
DY,6880050176.0,2026-10-07 17:37:25.087504
NSP,6872000000.0,2026-10-08 17:40:27.212550
WY,6851999744.0,2026-10-09 17:15:41.542080
BHF,6837000192.0,2026-10-07 17:37:20.831404
BHFAM,6837000192.0,2026-10-07 17:37:20.831404
BHFAO,6837000192.0,2026-10-07 17:37:20.831404
BHFAN,6837000192.0,2026-10-07 17:37:20.831404
BHFAP,6837000192.0,2026-10-07 17:37:20.831404
IBKR,6834999808.0,2026-10-08 17:40:31.774746
APP,6829124096.0,2026-10-07 17:37:28.280429
SIG,6818599936.0,2026-10-08 17:40:28.174371
AXS,6805262848.0,2026-10-07 17:37:28.280429
TOST,6803999744.0,2026-10-09 17:15:41.542080
LYFT,6771938816.0,2026-10-08 17:40:31.774746
THG,6764400128.0,2026-10-09 17:15:41.542080
CME,6757199872.0,2026-10-07 17:37:20.831404
DLR,6757036032.0,2026-10-07 17:37:25.087504
PRMB,6742499840.0,2026-10-08 17:40:25.818901
SQM,6725432832.0,2026-10-08 17:40:28.174371
CLX,6720000000.0,2026-10-07 17:37:20.831404
OLN,6703200256.0,2026-10-08 17:40:25.818901
MLM,6688000000.0,2026-10-08 17:40:27.212550
TTWO,6686499840.0,2026-10-09 17:15:41.542080
SLGN,6681870848.0,2026-10-08 17:40:28.174371
TEX,6677000192.0,2026-10-09 17:15:41.542080
BRO,6663000064.0,2026-10-07 17:37:20.831404
LW,6623300096.0,2026-10-08 17:40:25.818901
LEVI,6613700096.0,2026-10-08 17:40:31.774746
VSNT,6604000256.0,2026-10-09 17:15:43.636591
PAYX,6602500096.0,2026-10-08 17:40:25.818901
DDS,6599416832.0,2026-10-07 17:37:25.087504
KEYS,6582000128.0,2026-10-08 17:40:31.774746
TEAM,6572307968.0,2026-10-09 17:15:41.542080
SSNC,6564299776.0,2026-10-08 17:40:28.174371
AVTR,6561099776.0,2026-10-07 17:37:28.280429
JXN,6549000192.0,2026-10-08 17:40:31.774746
DAR,6548663808.0,2026-10-07 17:37:25.087504
EW,6512300032.0,2026-10-07 17:37:25.087504
URBN,6474379776.0,2026-10-09 17:15:41.542080
IT,6463626240.0,2026-10-08 17:40:31.774746
BCC,6457935872.0,2026-10-07 17:37:20.831404
EFX,6444499968.0,2026-10-07 17:37:25.087504
ZIM,6439099904.0,2026-10-09 17:15:41.542080
VTR,6418988032.0,2026-10-09 17:15:43.636591
ARDT,6405940224.0,2026-10-07 17:37:28.280429
TDY,6374400000.0,2026-10-09 17:15:41.542080
OI,6360000000.0,2026-10-08 17:40:25.818901
BEP,6359000064.0,2026-10-07 17:37:20.831404
SNAP,6351084032.0,2026-10-08 17:40:28.174371
MCY,6339579904.0,2026-10-08 17:40:27.212550
SARO,6324532224.0,2026-10-08 17:40:28.174371
SNN,6300000256.0,2026-10-08 17:40:28.174371
PSN,6292604928.0,2026-10-08 17:40:25.818901
CWH,6268320768.0,2026-10-07 17:37:25.087504
CLH,6243574784.0,2026-10-07 17:37:20.831404
HST,6233999872.0,2026-10-08 17:40:28.174371
UFPI,6233653760.0,2026-10-09 17:15:41.542080
TXRH,6231515136.0,2026-10-09 17:15:41.542080
CHD,6229100032.0,2026-10-07 17:37:20.831404
HUBB,6223600128.0,2026-10-08 17:40:31.774746
DKNG,6222522880.0,2026-10-07 17:37:25.087504
EHC,6206099968.0,2026-10-07 17:37:25.087504
ON,6197799936.0,2026-10-08 17:40:25.818901
GL,6191958016.0,2026-10-07 17:37:27.243848
ASO,6191455232.0,2026-10-07 17:37:28.280429
PLTR,6155940864.0,2026-10-08 17:40:25.818901
ONC,6128963072.0,2026-10-08 17:40:25.818901
OGN,6127000064.0,2026-10-08 17:40:25.818901
EVRG,6093899776.0,2026-10-07 17:37:25.087504
UHAL,6089375744.0,2026-10-09 17:15:41.542080
UHAL-B,6089375744.0,2026-10-09 17:15:41.542080
RXO,6088999936.0,2026-10-08 17:40:28.174371
FG,6066999808.0,2026-10-07 17:37:20.831404
O,6065508864.0,2026-10-08 17:40:25.818901
RRX,6057800192.0,2026-10-08 17:40:28.174371
COIN,6043752960.0,2026-10-07 17:37:20.831404
STE,6037499904.0,2026-10-08 17:40:28.174371
CIEN,6020894208.0,2026-10-07 17:37:20.831404
AMBP,5991000064.0,2026-10-07 17:37:28.280429
APC,5973507072.0,2026-10-07 17:37:28.280429
WOOF,5965491200.0,2026-10-08 17:40:27.212550
CHRD,5958978048.0,2026-10-07 17:37:20.831404
CIGI,5955614208.0,2026-10-07 17:37:20.831404
TPC,5949230080.0,2026-10-09 17:15:41.542080
AGL,5920014848.0,2026-10-07 17:37:27.243848
ALB,5907904000.0,2026-10-07 17:37:28.280429
HUN,5897999872.0,2026-10-08 17:40:31.774746
RIVN,5882999808.0,2026-10-08 17:40:28.174371
GMRS,5878219776.0,2026-10-07 17:37:27.243848
NXST,5875999744.0,2026-10-08 17:40:25.818901
ZBRA,5847000064.0,2026-10-09 17:15:41.542080
RYZ,5839000064.0,2026-10-08 17:40:28.174371
CDNS,5837622784.0,2026-10-07 17:37:20.831404
SF,5834527232.0,2026-10-08 17:40:28.174371
INCY,5819530240.0,2026-10-08 17:40:31.774746
SNDR,5819200000.0,2026-10-08 17:40:28.174371
EAT,5807399936.0,2026-10-07 17:37:25.087504
COTY,5806600192.0,2026-10-07 17:37:20.831404
CC,5797000192.0,2026-10-07 17:37:20.831404
AR,5781233152.0,2026-10-07 17:37:28.280429
AEO,5749621248.0,2026-10-07 17:37:27.243848
PR,5737345024.0,2026-10-08 17:40:25.818901
BAM,5736999936.0,2026-10-07 17:37:28.280429
FUBO,5711988224.0,2026-10-07 17:37:27.243848
VLTO,5696000000.0,2026-10-09 17:15:41.542080
OPCH,5693515776.0,2026-10-08 17:40:25.818901
PSMT,5691024896.0,2026-10-08 17:40:25.818901
RBLX,5685551104.0,2026-10-08 17:40:25.818901
AERO,5683570176.0,2026-10-07 17:37:27.243848
EDU,5661294080.0,2026-10-07 17:37:25.087504
RMD,5653443072.0,2026-10-08 17:40:28.174371
BC,5629899776.0,2026-10-07 17:37:28.280429
BLD,5621667840.0,2026-06-08 04:04:42.960559
EPAM,5616749056.0,2026-10-07 17:37:25.087504
NDAQ,5614000128.0,2026-10-08 17:40:27.212550
ODFL,5602506752.0,2026-10-08 17:40:25.818901
FSV,5597270016.0,2026-10-07 17:37:27.243848
TWLO,5572327936.0,2026-10-09 17:15:41.542080
PNW,5554253824.0,2026-10-08 17:40:25.818901
PACS,5551037952.0,2026-10-08 17:40:25.818901
DECK,5527288832.0,2026-10-07 17:37:25.087504
SEM,5521134080.0,2026-06-08 14:44:07.369559
MAT,5489929216.0,2026-10-08 17:40:31.774746
ENSG,5486708224.0,2026-10-07 17:37:25.087504
BCO,5481399808.0,2026-10-07 17:37:28.280429
SIGI,5470957056.0,2026-10-08 17:40:28.174371
SIGIP,5470957056.0,2026-10-08 17:40:28.174371
SNOW,5434647040.0,2026-10-08 17:40:28.174371
IMKTA,5417588224.0,2026-10-08 17:40:31.774746
JHX,5410500096.0,2026-10-08 17:40:31.774746
CRWD,5396145152.0,2026-10-07 17:37:25.087504
POOL,5394292224.0,2026-10-08 17:40:25.818901
MTH,5391501824.0,2026-10-08 17:40:27.212550
FSLR,5378071040.0,2026-10-07 17:37:27.243848
LINE,5370999808.0,2026-10-08 17:40:31.774746
ANF,5340931072.0,2026-10-07 17:37:28.280429
IHG,5328999936.0,2026-10-08 17:40:31.774746
BLCO,5324000256.0,2026-10-07 17:37:20.831404
ARGX,5315468800.0,2026-10-07 17:37:28.280429
FIVE,5313867776.0,2026-10-07 17:37:27.243848
LII,5302199808.0,2026-10-08 17:40:31.774746
TKO,5301862912.0,2026-10-09 17:15:41.542080
WS,5297500160.0,2026-10-08 17:40:27.212550
RHI,5293400064.0,2026-10-08 17:40:28.174371
AWK,5283999744.0,2026-10-07 17:37:28.280429
SNA,5274899968.0,2026-10-08 17:40:28.174371
ARES,5252563968.0,2026-10-07 17:37:28.280429
G,5250044928.0,2026-10-07 17:37:27.243848
MMS,5248398848.0,2026-10-08 17:40:27.212550
OTEX,5246401024.0,2026-10-08 17:40:25.818901
WFG,5239000064.0,2026-10-09 17:15:43.636591
AMC,5230600192.0,2026-10-07 17:37:28.280429
FLO,5223925760.0,2026-10-07 17:37:27.243848
MLCO,5221691904.0,2026-10-08 17:40:27.212550
Q,5209999872.0,2026-10-08 17:40:25.818901
ROKU,5209110016.0,2026-10-08 17:40:28.174371
HLF,5200699904.0,2026-10-07 17:37:27.243848
KBH,5180924928.0,2026-10-08 17:40:31.774746
HEI,5176756224.0,2026-10-07 17:37:27.243848
HEI-A,5176756224.0,2026-10-07 17:37:27.243848
ADT,5164895232.0,2026-10-07 17:37:27.243848
ARM,5155999744.0,2026-10-07 17:37:28.280429
AXTA,5150000128.0,2026-10-07 17:37:28.280429
MCHP,5122299904.0,2026-10-08 17:40:27.212550
MCHPP,5122299904.0,2026-10-08 17:40:27.212550
GDDY,5104099840.0,2026-10-07 17:37:27.243848
HLT,5104000000.0,2026-10-07 17:37:27.243848
CSL,5096999936.0,2026-10-07 17:37:25.087504
GENVR,5079000064.0,2026-10-07 17:37:27.243848
GEN,5079000064.0,2026-10-07 17:37:27.243848
WMK,5069357056.0,2026-10-08 17:40:27.212550
GHC,5068374016.0,2026-10-07 17:37:27.243848
CBOE,5061300224.0,2026-10-07 17:37:20.831404
DPZ,5027814912.0,2026-10-07 17:37:25.087504
CPAY,5020502016.0,2026-10-07 17:37:20.831404
ELAN,5020000256.0,2026-10-07 17:37:25.087504
LSTR,4995466752.0,2026-10-08 17:40:25.818901
ZM,4993050112.0,2026-10-09 17:15:41.542080
CSIQ,4990202880.0,2026-10-07 17:37:25.087504
ARCO,4980967936.0,2026-10-07 17:37:28.280429
HAS,4973199872.0,2026-10-07 17:37:27.243848
DXCM,4969200128.0,2026-10-07 17:37:25.087504
GVA,4967204864.0,2026-10-07 17:37:27.243848
AIT,4966686208.0,2026-10-07 17:37:28.280429
AGNT,4963616768.0,2026-10-07 17:37:28.280429
SM,4961999872.0,2026-10-08 17:40:28.174371
EQPT,4952000000.0,2026-10-07 17:37:25.087504
HOOD,4931999744.0,2026-10-07 17:37:27.243848
UA,4930229248.0,2026-10-09 17:15:41.542080
UAA,4930229248.0,2026-10-09 17:15:41.542080
ATO,4921525760.0,2026-10-07 17:37:28.280429
LOGI,4920291840.0,2026-10-08 17:40:31.774746
PSA,4910444032.0,2026-10-08 17:40:25.818901
VVX,4896556032.0,2026-10-09 17:15:43.636591
TRU,4896099840.0,2026-10-09 17:15:41.542080
LBTYB,4884800000.0,2026-10-08 17:40:31.774746
LBTYK,4884800000.0,2026-10-08 17:40:31.774746
LBTYA,4884800000.0,2026-10-08 17:40:31.774746
ADIG,4878000128.0,2026-10-03 15:01:17.985862
HRI,4856000000.0,2026-10-07 17:37:27.243848
RBA,4847799808.0,2026-10-08 17:40:25.818901
NVT,4833999872.0,2026-10-08 17:40:28.174371
TNET,4826999808.0,2026-10-09 17:15:41.542080
ALNY,4804182016.0,2026-10-07 17:37:28.280429
FOUR,4782000128.0,2026-10-07 17:37:27.243848
WFRD,4777999872.0,2026-10-09 17:15:43.636591
SITE,4774600192.0,2026-10-08 17:40:28.174371
TKR,4760300032.0,2026-10-09 17:15:41.542080
VEON,4758000128.0,2026-10-09 17:15:41.542080
TTC,4752999936.0,2026-10-09 17:15:41.542080
UPBD,4744316928.0,2026-10-09 17:15:41.542080
GO,4742536192.0,2026-10-07 17:37:27.243848
ITT,4738100224.0,2026-10-08 17:40:31.774746
GIL,4737478144.0,2026-10-07 17:37:27.243848
ATI,4715200000.0,2026-10-07 17:37:28.280429
FND,4711746048.0,2026-10-07 17:37:27.243848
EVR,4709992960.0,2026-10-07 17:37:25.087504
HGV,4704000000.0,2026-10-07 17:37:27.243848
PTEN,4672065024.0,2026-10-08 17:40:25.818901
CPRT,4666208768.0,2026-10-07 17:37:28.280429
MLI,4661136896.0,2026-10-08 17:40:27.212550
DOX,4653030912.0,2026-10-07 17:37:25.087504
CNO,4646600192.0,2026-10-07 17:37:20.831404
WAT,4644285952.0,2026-10-09 17:15:43.636591
TPG,4642341888.0,2026-10-09 17:15:41.542080
AYI,4641800192.0,2026-10-07 17:37:28.280429
FN,4641097216.0,2026-10-07 17:37:27.243848
FLS,4634068992.0,2026-10-07 17:37:27.243848
VSAT,4625768960.0,2026-10-09 17:15:41.542080
JAZZ,4601286144.0,2026-10-08 17:40:31.774746
PLXS,4596752896.0,2026-10-08 17:40:25.818901
KMPR,4592900096.0,2026-10-08 17:40:31.774746
CLMT,4591499776.0,2026-10-07 17:37:20.831404
ALHC,4577329152.0,2026-10-07 17:37:28.280429
PINS,4555720192.0,2026-10-08 17:40:25.818901
IDXX,4553223168.0,2026-10-08 17:40:31.774746
ILMN,4494000128.0,2026-10-08 17:40:31.774746
LECO,4481038848.0,2026-10-08 17:40:31.774746
TER,4464031232.0,2026-10-09 17:15:41.542080
LILA,4457399808.0,2026-10-08 17:40:31.774746
LILAK,4457399808.0,2026-10-08 17:40:31.774746
LILAP,4457399808.0,2026-09-17 15:23:36.979615
LILAV,4441500160.0,2026-06-08 14:44:06.982061
LILKV,4441500160.0,2026-06-08 14:44:06.982061
GNRC,4438731776.0,2026-10-07 17:37:27.243848
LNT,4429000192.0,2026-10-08 17:40:31.774746
NATL,4418999808.0,2026-10-08 17:40:27.212550
ALSN,4401999872.0,2026-10-07 17:37:28.280429
ENIC,4398599168.0,2026-10-07 17:37:25.087504
HNI,4392099840.0,2026-10-07 17:37:27.243848
FBIN,4391900160.0,2026-10-07 17:37:28.280429
CHEF,4391505920.0,2026-10-07 17:37:20.831404
EEFT,4374600192.0,2026-10-07 17:37:25.087504
SCI,4369364992.0,2026-10-08 17:40:28.174371
TTEK,4358675968.0,2026-10-09 17:15:41.542080
MKSI,4346999808.0,2026-10-08 17:40:27.212550
WES,4332262912.0,2026-10-09 17:15:43.636591
AKAM,4322833920.0,2026-10-07 17:37:28.280429
MOG-A,4317976064.0,2026-10-08 17:40:27.212550
MOG-B,4317976064.0,2026-10-08 17:40:27.212550
RITM,4316491776.0,2026-10-08 17:40:28.174371
FTV,4315800064.0,2026-10-07 17:37:27.243848
PAAS,4312000000.0,2026-10-08 17:40:25.818901
CRGY,4309409792.0,2026-10-07 17:37:28.280429
DMC,4304699904.0,2026-09-28 18:19:46.995311
GEF,4302854144.0,2026-10-07 17:37:27.243848
GEF-B,4302854144.0,2026-10-07 17:37:27.243848
ALLE,4288499968.0,2026-10-07 17:37:28.280429
CNR,4270299904.0,2026-10-07 17:37:20.831404
SOFI,4268439040.0,2026-10-08 17:40:28.174371
FDP,4268000000.0,2026-06-08 04:04:44.068028
ECG,4266791936.0,2026-10-07 17:37:25.087504
MEOH,4265221888.0,2026-10-08 17:40:27.212550
MHO,4263060992.0,2026-10-08 17:40:27.212550
P,4262149888.0,2026-10-08 17:40:25.818901
AFRM,4261082112.0,2026-10-07 17:37:27.243848
HOG,4239834880.0,2026-10-07 17:37:27.243848
COO,4236900096.0,2026-10-07 17:37:20.831404
VMI,4232125952.0,2026-10-09 17:15:41.542080
ARCB,4204144128.0,2026-10-07 17:37:28.280429
LBRT,4195913984.0,2026-10-08 17:40:31.774746
WWD,4191991040.0,2026-10-09 17:15:43.636591
SKYW,4190448128.0,2026-10-08 17:40:28.174371
CCI,4160999936.0,2026-10-07 17:37:20.831404
ULCC,4153999872.0,2026-10-09 17:15:41.542080
GTLS,4147300096.0,2026-07-08 12:16:10.868133
PRGO,4144900096.0,2026-10-08 17:40:25.818901
ALGN,4139532032.0,2026-10-07 17:37:28.280429
KALU,4135899904.0,2026-10-08 17:40:31.774746
MTD,4133874944.0,2026-10-08 17:40:27.212550
DFH,4133734912.0,2026-10-07 17:37:25.087504
GMAB,4131000064.0,2026-10-07 17:37:27.243848
FCFS,4120336896.0,2026-10-07 17:37:28.280429
ERIE,4119469056.0,2026-10-07 17:37:25.087504
RIG,4118000128.0,2026-10-08 17:40:28.174371
BYD,4098167040.0,2026-10-07 17:37:20.831404
VICI,4097604096.0,2026-10-09 17:15:41.542080
SOLS,4095000064.0,2026-10-08 17:40:28.174371
TNL,4094000128.0,2026-10-09 17:15:41.542080
DNOW,4083000064.0,2026-10-07 17:37:25.087504
KELYB,4063099904.0,2026-10-08 17:40:31.774746
KELYA,4063099904.0,2026-10-08 17:40:31.774746
CROX,4054865920.0,2026-10-07 17:37:25.087504
KLAR,4039000064.0,2026-10-08 17:40:31.774746
WU,4036900096.0,2026-10-09 17:15:43.636591
LCII,4028368896.0,2026-10-08 17:40:31.774746
FWONA,4020999936.0,2026-10-07 17:37:27.243848
FWONK,4020999936.0,2026-10-07 17:37:27.243848
SWKS,4014099968.0,2026-10-09 17:15:41.542080
PNR,4011800064.0,2026-10-08 17:40:25.818901
BTU,4010899968.0,2026-10-07 17:37:20.831404
MYRG,4006051072.0,2026-10-08 17:40:27.212550
CRL,3998987008.0,2026-10-07 17:37:28.280429
HP,3995992064.0,2026-10-07 17:37:27.243848
CART,3992999936.0,2026-10-07 17:37:20.831404
CPA,3987793920.0,2026-10-07 17:37:20.831404
IESC,3985742080.0,2026-10-08 17:40:31.774746
IHRT,3985676032.0,2026-10-08 17:40:31.774746
BLMN,3979517952.0,2026-10-07 17:37:20.831404
EFOR,3966799872.0,2026-10-07 17:37:25.087504
DDOG,3966725120.0,2026-10-07 17:37:25.087504
HRB,3945392128.0,2026-10-07 17:37:27.243848
PATK,3938674944.0,2026-10-08 17:40:25.818901
ATR,3933242880.0,2026-10-07 17:37:28.280429
CCS,3930758912.0,2026-10-07 17:37:20.831404
JBTM,3926200064.0,2026-10-08 17:40:31.774746
ROL,3924018944.0,2026-10-08 17:40:28.174371
FCN,3923721984.0,2026-10-07 17:37:28.280429
BF-B,3915000064.0,2026-10-07 17:37:20.831404
BF-A,3915000064.0,2026-10-07 17:37:20.831404
MSM,3908716032.0,2026-10-08 17:40:27.212550
LEG,3892900096.0,2026-08-09 11:22:13.839405
DCI,3885600000.0,2026-10-07 17:37:25.087504
CAKE,3877250048.0,2026-10-07 17:37:20.831404
DBD,3871899904.0,2026-10-07 17:37:25.087504
ASTH,3844193024.0,2026-10-07 17:37:28.280429
MTDR,3839689984.0,2026-10-08 17:40:27.212550
BEPC,3828000000.0,2026-10-07 17:37:20.831404
MLKN,3809400064.0,2026-10-08 17:40:27.212550
AOS,3804900096.0,2026-10-07 17:37:28.280429
ENS,3793992960.0,2026-10-07 17:37:25.087504
REYN,3785999872.0,2026-10-08 17:40:28.174371
BTG,3784933888.0,2026-10-07 17:37:20.831404
TRMB,3782899968.0,2026-10-09 17:15:41.542080
VC,3779000064.0,2026-10-09 17:15:41.542080
DRS,3779000064.0,2026-10-07 17:37:25.087504
ST,3775300096.0,2026-10-08 17:40:28.174371
GTX,3753999872.0,2026-10-07 17:37:27.243848
LGN,3745668096.0,2026-10-08 17:40:31.774746
MAIR,3745100032.0,2026-10-08 17:40:31.774746
TLN,3740999936.0,2026-10-09 17:15:41.542080
CMPR,3736643072.0,2026-10-07 17:37:20.831404
CRC,3735000064.0,2026-10-07 17:37:28.280429
GRAB,3731000064.0,2026-10-07 17:37:27.243848
GRABW,3731000064.0,2026-10-07 17:37:27.243848
SBH,3729115904.0,2026-10-08 17:40:28.174371
HUBG,3728869888.0,2026-10-08 17:40:31.774746
BIPC,3696999936.0,2026-10-07 17:37:20.831404
ZIONP,3687000064.0,2026-10-09 17:15:41.542080
ZION,3687000064.0,2026-10-09 17:15:41.542080
IAG,3681799936.0,2026-10-08 17:40:31.774746
CW,3653846016.0,2026-10-07 17:37:25.087504
QRVO,3644534016.0,2026-09-08 14:50:28.779950
XRAY,3643000064.0,2026-10-09 17:15:41.542080
CBT,3633999872.0,2026-10-07 17:37:20.831404
NXT,3630307072.0,2026-10-08 17:40:25.818901
PHIN,3615000064.0,2026-10-08 17:40:25.818901
ADV,3606193920.0,2026-10-07 17:37:27.243848
NMRK,3604357120.0,2026-10-08 17:40:27.212550
BGSI,3594392064.0,2026-10-07 17:37:20.831404
IEX,3585299968.0,2026-10-08 17:40:31.774746
CAPL,3557541120.0,2026-10-07 17:37:20.831404
CSGP,3556000000.0,2026-10-07 17:37:25.087504
FUL,3554076928.0,2026-10-07 17:37:27.243848
GME,3550799872.0,2026-10-07 17:37:27.243848
UNIT,3537100032.0,2026-10-09 17:15:41.542080
POR,3534000128.0,2026-10-08 17:40:25.818901
BWLP,3527016960.0,2026-10-07 17:37:20.831404
VIST,3525113088.0,2026-10-09 17:15:41.542080
NGL,3523994880.0,2026-10-08 17:40:27.212550
BWXT,3513969920.0,2026-10-07 17:37:20.831404
EXR,3511115008.0,2026-10-07 17:37:25.087504
HY,3510400000.0,2026-10-08 17:40:31.774746
MTCH,3509319936.0,2026-10-08 17:40:27.212550
GTES,3504600064.0,2026-10-07 17:37:27.243848
FHN,3500999936.0,2026-10-07 17:37:27.243848
BRKRP,3499599872.0,2026-10-07 17:37:20.831404
BRKR,3499599872.0,2026-10-07 17:37:20.831404
KEX,3489434112.0,2026-10-08 17:40:31.774746
MRX,3488600064.0,2026-10-08 17:40:27.212550
WAL,3487099904.0,2026-10-09 17:15:43.636591
AIR,3486400000.0,2026-10-07 17:37:28.280429
PRI,3486134016.0,2026-10-08 17:40:25.818901
SMG,3483500032.0,2026-10-08 17:40:28.174371
ROAD,3477932032.0,2026-10-08 17:40:28.174371
RUN,3475609088.0,2026-10-08 17:40:28.174371
NEXA,3462774016.0,2026-10-08 17:40:27.212550
MATX,3459200000.0,2026-10-08 17:40:27.212550
VEEV,3458097920.0,2026-10-09 17:15:41.542080
HUBS,3448997888.0,2026-10-08 17:40:31.774746
RH,3448911104.0,2026-10-08 17:40:28.174371
CPRI,3446000128.0,2026-10-07 17:37:28.280429
STRL,3438486016.0,2026-10-08 17:40:28.174371
KTB,3434433024.0,2026-10-08 17:40:31.774746
AMN,3434319104.0,2026-10-07 17:37:28.280429
VAC,3415000064.0,2026-10-09 17:15:41.542080
COLM,3407027968.0,2026-10-07 17:37:20.831404
BMRN,3406614016.0,2026-10-07 17:37:20.831404
CTRI,3393807872.0,2026-10-07 17:37:25.087504
SAIA,3392315904.0,2026-10-08 17:40:28.174371
MIDD,3389236992.0,2026-10-08 17:40:27.212550
H,3385999872.0,2026-10-07 17:37:27.243848
TTMI,3377085952.0,2026-10-09 17:15:41.542080
NBIX,3373900032.0,2026-10-08 17:40:27.212550
MOD,3372400128.0,2026-10-08 17:40:27.212550
ACHC,3367673088.0,2026-10-07 17:37:28.280429
SGRY,3366299904.0,2026-10-08 17:40:28.174371
AHCO,3363389952.0,2026-10-07 17:37:28.280429
CNK,3363300096.0,2026-10-07 17:37:20.831404
DOCU,3361190912.0,2026-10-07 17:37:25.087504
ZS,3352523008.0,2026-10-09 17:15:41.542080
MSCI,3333758976.0,2026-10-08 17:40:27.212550
PFSI,3331824128.0,2026-10-08 17:40:25.818901
AVNT,3331500032.0,2026-10-07 17:37:28.280429
WST,3326799872.0,2026-10-09 17:15:43.636591
ENTG,3326099968.0,2026-10-07 17:37:25.087504
VSH,3319378944.0,2026-10-09 17:15:43.636591
CBRL,3318714112.0,2026-10-07 17:37:20.831404
FFIV,3309331968.0,2026-10-07 17:37:20.831404
KNF,3307499008.0,2026-10-08 17:40:31.774746
PNFP,3302606080.0,2026-10-08 17:40:25.818901
SLVM,3296999936.0,2026-10-08 17:40:28.174371
VLRS,3295630080.0,2026-10-09 17:15:41.542080
MAGN,3284000000.0,2026-10-08 17:40:31.774746
HE,3282584064.0,2026-10-07 17:37:27.243848
UI,3274161920.0,2026-10-09 17:15:41.542080
MPWR,3273157888.0,2026-10-08 17:40:27.212550
STC,3271717120.0,2026-10-08 17:40:28.174371
RRC,3270234880.0,2026-10-08 17:40:28.174371
VIRT,3263578112.0,2026-10-09 17:15:41.542080
SBGI,3256000000.0,2026-10-08 17:40:28.174371
NLY,3254557952.0,2026-10-08 17:40:27.212550
OPENZ,3254000128.0,2026-10-08 17:40:25.818901
OPENW,3254000128.0,2026-10-08 17:40:25.818901
OPENL,3254000128.0,2026-10-08 17:40:25.818901
OPEN,3254000128.0,2026-10-08 17:40:25.818901
WERN,3251671040.0,2026-10-09 17:15:43.636591
FMC,3251200000.0,2026-10-07 17:37:27.243848
OGE,3235300096.0,2026-10-08 17:40:25.818901
SCSC,3226062080.0,2026-10-08 17:40:28.174371
MMED,3222000128.0,2026-10-08 17:40:27.212550
WMS,3221607936.0,2026-10-08 17:40:27.212550
AXON,3219098880.0,2026-10-07 17:37:28.280429
NBR,3214062080.0,2026-10-08 17:40:27.212550
LAZ,3199311104.0,2026-10-08 17:40:31.774746
TAL,3192285952.0,2026-10-09 17:15:41.542080
BXP,3190220032.0,2026-10-07 17:37:20.831404
LTH,3182440960.0,2026-10-08 17:40:25.818901
GBTG,3176000000.0,2026-09-07 16:14:03.042793
MWH,3174745088.0,2026-10-08 17:40:27.212550
WPM,3171641088.0,2026-10-08 17:40:27.212550
CDE,3171197952.0,2026-10-07 17:37:20.831404
JHG,3165900032.0,2026-06-08 14:44:06.982061
RYAN,3163227904.0,2026-10-08 17:40:28.174371
BGC,3162127872.0,2026-10-07 17:37:20.831404
UTHR,3154500096.0,2026-10-09 17:15:41.542080
JELD,3151406080.0,2026-10-08 17:40:31.774746
ESI,3150200064.0,2026-10-07 17:37:25.087504
GTN-A,3148000000.0,2026-10-07 17:37:27.243848
GTN,3148000000.0,2026-10-07 17:37:27.243848
ULS,3145999872.0,2026-10-09 17:15:41.542080
GMED,3144933888.0,2026-10-07 17:37:27.243848
VRSK,3136000000.0,2026-10-09 17:15:41.542080
EQR,3129217024.0,2026-08-08 11:21:42.632631
CRS,3124199936.0,2026-10-07 17:37:25.087504
AMRX,3117548032.0,2026-10-07 17:37:28.280429
BE,3113149952.0,2026-10-07 17:37:28.280429
FTAIM,3112873984.0,2026-10-07 17:37:27.243848
FTAI,3112873984.0,2026-10-07 17:37:27.243848
ARCC,3105999872.0,2026-10-07 17:37:28.280429
VMRK,3089946880.0,2026-09-17 15:23:36.979615
INIO,3089799936.0,2026-10-08 17:40:31.774746
CENT,3084065024.0,2026-10-07 17:37:20.831404
CENTA,3084065024.0,2026-10-07 17:37:20.831404
AVB,3083518976.0,2026-08-08 11:21:43.034210
OKTA,3072999936.0,2026-10-08 17:40:25.818901
NICE,3069404928.0,2026-10-08 17:40:27.212550
VNT,3068300032.0,2026-10-09 17:15:41.542080
BPOP,3062407936.0,2026-10-07 17:37:20.831404
FUN,3058387968.0,2026-10-07 17:37:27.243848
TROX,3056999936.0,2026-10-09 17:15:41.542080
PODD,3053400064.0,2026-10-08 17:40:25.818901
CELH,3047273984.0,2026-10-07 17:37:20.831404
STGW,3040891904.0,2026-10-08 17:40:28.174371
BFAM,3027909888.0,2026-10-07 17:37:20.831404
OMF,3020000000.0,2026-10-08 17:40:25.818901
LITE,3014000128.0,2026-10-08 17:40:31.774746
PTRN,3013259008.0,2026-10-08 17:40:25.818901
BXC,3009900032.0,2026-10-07 17:37:20.831404
ESAB,3002054912.0,2026-10-07 17:37:25.087504
SPNT,3000699904.0,2026-10-08 17:40:28.174371
PSNY,2995595008.0,2026-10-08 17:40:25.818901
PSNYW,2995595008.0,2026-10-08 17:40:25.818901
MUR,2992736000.0,2026-10-08 17:40:27.212550
CHDN,2991899904.0,2026-10-07 17:37:20.831404
HG,2991499008.0,2026-10-07 17:37:27.243848
OWL,2990448896.0,2026-10-08 17:40:25.818901
TTD,2990138112.0,2026-10-09 17:15:41.542080
ENR,2989100032.0,2026-10-07 17:37:25.087504
YSWY,2988762112.0,2026-10-09 17:15:41.542080
CNXN,2987868928.0,2026-10-07 17:37:20.831404
CRI,2979889920.0,2026-10-07 17:37:28.280429
NDSN,2979794944.0,2026-10-08 17:40:27.212550
WTM,2978700032.0,2026-10-09 17:15:43.636591
IBP,2964000000.0,2026-10-08 17:40:31.774746
BALY,2957916928.0,2026-10-07 17:37:28.280429
KFY,2955352064.0,2026-10-08 17:40:31.774746
PTC,2953971968.0,2026-10-08 17:40:25.818901
NYT,2950725888.0,2026-10-08 17:40:25.818901
DOC,2949806080.0,2026-10-07 17:37:25.087504
ETSY,2941755904.0,2026-10-07 17:37:25.087504
CNDT,2939000064.0,2026-10-07 17:37:20.831404
ATKR,2933734912.0,2026-10-07 17:37:28.280429
BKD,2932306944.0,2026-10-07 17:37:20.831404
UWMC,2925762048.0,2026-10-09 17:15:41.542080
FORTY,2925737984.0,2026-10-07 17:37:27.243848
ACA,2918700032.0,2026-10-07 17:37:28.280429
RVTY,2911811072.0,2026-10-08 17:40:28.174371
CRCL,2905438976.0,2026-10-07 17:37:28.280429
EQX,2897062912.0,2026-10-07 17:37:25.087504
ALGT,2894042112.0,2026-10-07 17:37:28.280429
DBI,2892980992.0,2026-10-07 17:37:25.087504
EWBC,2888595968.0,2026-10-07 17:37:25.087504
NE,2884698880.0,2026-10-08 17:40:27.212550
SPB,2872699904.0,2026-10-08 17:40:28.174371
OII,2872084992.0,2026-10-08 17:40:25.818901
SBAC,2870621952.0,2026-10-08 17:40:28.174371
BDC,2864872960.0,2026-10-07 17:37:28.280429
NVST,2856499968.0,2026-10-08 17:40:28.174371
UVV,2854487040.0,2026-10-09 17:15:41.542080
SABR,2853995008.0,2026-10-08 17:40:28.174371
NTNX,2853544960.0,2026-10-08 17:40:27.212550
GIII,2850191872.0,2026-10-07 17:37:27.243848
INVH,2848004096.0,2026-10-08 17:40:31.774746
CAL,2847165952.0,2026-10-07 17:37:20.831404
ARE,2840326912.0,2026-10-07 17:37:28.280429
MTN,2838203904.0,2026-10-08 17:40:27.212550
WGO,2836100096.0,2026-10-09 17:15:43.636591
FTAIN,2836026112.0,2026-06-08 04:04:44.068028
PLTK,2829199872.0,2026-10-08 17:40:25.818901
GEO,2827321088.0,2026-10-07 17:37:27.243848
HOV,2823247104.0,2026-10-07 17:37:27.243848
BHE,2818268928.0,2026-10-07 17:37:20.831404
UMBF,2813897984.0,2026-10-09 17:15:41.542080
UMBFO,2813897984.0,2026-10-09 17:15:41.542080
Z,2809999872.0,2026-10-09 17:15:41.542080
ZG,2809999872.0,2026-10-09 17:15:41.542080
CG,2796699904.0,2026-10-07 17:37:20.831404
OLLI,2793107968.0,2026-10-08 17:40:25.818901
WEX,2792100096.0,2026-10-09 17:15:43.636591
MDB,2782769920.0,2026-10-08 17:40:27.212550
MEDP,2782287872.0,2026-10-08 17:40:27.212550
RDDT,2778833920.0,2026-10-08 17:40:31.774746
MBC,2776699904.0,2026-10-08 17:40:27.212550
CPS,2775580928.0,2026-10-07 17:37:28.280429
WBS,2769366016.0,2026-08-10 11:42:27.607789
CBZ,2767266048.0,2026-10-07 17:37:20.831404
CHKP,2764400128.0,2026-10-07 17:37:20.831404
WTFC,2758466048.0,2026-10-09 17:15:43.636591
WTFCN,2758466048.0,2026-10-09 17:15:43.636591
NEU,2742524928.0,2026-10-08 17:40:27.212550
SHOO,2740536064.0,2026-10-08 17:40:28.174371
BV,2738099968.0,2026-10-07 17:37:20.831404
KLC,2735013120.0,2026-10-08 17:40:31.774746
RHP,2733824000.0,2026-10-08 17:40:28.174371
FRO,2714702080.0,2026-10-07 17:37:27.243848
GOLF,2707808000.0,2026-10-07 17:37:27.243848
NTRA,2707076096.0,2026-10-08 17:40:27.212550
RXT,2702200064.0,2026-10-08 17:40:28.174371
VSTS,2696498944.0,2026-10-09 17:15:43.636591
WTS,2677199872.0,2026-10-09 17:15:43.636591
FTRE,2676499968.0,2026-10-07 17:37:27.243848
SSB,2676012032.0,2026-10-08 17:40:28.174371
QDEL,2674200064.0,2026-10-08 17:40:25.818901
SKY,2672555008.0,2026-10-08 17:40:28.174371
SR,2668400128.0,2026-10-08 17:40:28.174371
BFH,2668000000.0,2026-10-07 17:37:20.831404
CENX,2667200000.0,2026-10-07 17:37:20.831404
HAFN,2666844928.0,2026-10-07 17:37:27.243848
ONBPP,2660699904.0,2026-10-08 17:40:25.818901
ONBPO,2660699904.0,2026-10-08 17:40:25.818901
ONB,2660699904.0,2026-10-08 17:40:25.818901
ACH,2647245056.0,2026-10-07 17:37:28.280429
SYM,2645760000.0,2026-10-09 17:15:41.542080
FLNC,2631864064.0,2026-10-07 17:37:27.243848
GBX,2629600000.0,2026-10-07 17:37:27.243848
GNTX,2626380544.0,2026-10-07 17:37:27.243848
PRG,2614681088.0,2026-10-08 17:40:25.818901
LFUS,2614323968.0,2026-10-08 17:40:31.774746
COLD,2613531904.0,2026-10-07 17:37:20.831404
AVAH,2602820096.0,2026-10-07 17:37:28.280429
CHE,2595001088.0,2026-10-07 17:37:20.831404
CR,2591300096.0,2026-10-07 17:37:28.280429
BIO,2589299968.0,2026-10-07 17:37:20.831404
BIO-B,2589299968.0,2026-10-07 17:37:20.831404
RNG,2583898112.0,2026-10-08 17:40:28.174371
HIMS,2578112000.0,2026-10-07 17:37:27.243848
EFXT,2569999872.0,2026-10-07 17:37:25.087504
WTRG,2568695040.0,2026-10-09 17:15:43.636591
MORN,2566500096.0,2026-10-08 17:40:27.212550
GFF,2557586944.0,2026-10-07 17:37:27.243848
AQN,2549700096.0,2026-10-07 17:37:28.280429
PK,2544999936.0,2026-10-08 17:40:25.818901
JKHY,2544338944.0,2026-10-08 17:40:31.774746
VYX,2544000000.0,2026-10-09 17:15:43.636591
RPRX,2535997952.0,2026-10-08 17:40:28.174371
DBX,2531599872.0,2026-10-07 17:37:25.087504
CALM,2528636928.0,2026-10-07 17:37:20.831404
HLI,2523515904.0,2026-10-07 17:37:27.243848
LRN,2518081024.0,2026-10-08 17:40:25.818901
FWRD,2518074880.0,2026-10-07 17:37:27.243848
NFG,2513656064.0,2026-10-08 17:40:27.212550
PLGO,2513400064.0,2026-10-08 17:40:25.818901
NET,2512349952.0,2026-10-08 17:40:27.212550
COLB,2504999936.0,2026-10-07 17:37:20.831404
AHR,2504844032.0,2026-10-07 17:37:28.280429
WSE,2502799872.0,2026-10-08 17:40:27.212550
UNF,2492672000.0,2026-10-09 17:15:41.542080
TDOC,2489479936.0,2026-10-09 17:15:41.542080
CXW,2484036096.0,2026-10-07 17:37:25.087504
FDS,2476256000.0,2026-10-07 17:37:28.280429
CLOV,2475912960.0,2026-10-07 17:37:20.831404
SPXC,2475899904.0,2026-10-08 17:40:28.174371
LPX,2468999936.0,2026-10-08 17:40:31.774746
HBM,2468300032.0,2026-10-07 17:37:27.243848
BRSL,2468000000.0,2026-10-07 17:37:20.831404
BOBS,2463411968.0,2026-10-07 17:37:20.831404
OGC,2462700032.0,2026-10-08 17:40:25.818901
CHYM,2457031936.0,2026-10-07 17:37:20.831404
GLOB,2451113984.0,2026-10-07 17:37:27.243848
SEIC,2450235904.0,2026-10-08 17:40:28.174371
PLUS,2448887040.0,2026-10-08 17:40:25.818901
FSS,2447899904.0,2026-10-07 17:37:27.243848
PTON,2446000128.0,2026-10-08 17:40:25.818901
DIT,2437844480.0,2026-10-07 17:37:25.087504
EXEL,2435919872.0,2026-10-07 17:37:25.087504
GCO,2433040896.0,2026-10-07 17:37:27.243848
SCL,2432787968.0,2026-10-08 17:40:28.174371
SGHC,2431000064.0,2026-10-08 17:40:28.174371
TYL,2429657088.0,2026-10-09 17:15:41.542080
SSD,2421897984.0,2026-10-08 17:40:28.174371
PAM,2416999936.0,2026-10-08 17:40:25.818901
CLVT,2412900096.0,2026-10-07 17:37:20.831404
VLGEA,2405707008.0,2026-10-09 17:15:41.542080
AGNCL,2400999936.0,2026-10-07 17:37:28.280429
AGNC,2400999936.0,2026-10-07 17:37:28.280429
AGNCN,2400999936.0,2026-10-07 17:37:28.280429
AGNCM,2400999936.0,2026-10-07 17:37:28.280429
AGNCZ,2400999936.0,2026-10-07 17:37:28.280429
AGNCP,2400999936.0,2026-10-07 17:37:28.280429
AGNCO,2400999936.0,2026-10-07 17:37:28.280429
FICO,2393574912.0,2026-10-07 17:37:27.243848
PPLI,2381117952.0,2026-10-08 17:40:25.818901
QUAD,2377100032.0,2026-10-08 17:40:25.818901
HHH,2372928000.0,2026-10-07 17:37:27.243848
PRVA,2358068992.0,2026-10-08 17:40:25.818901
KMT,2356698112.0,2026-10-08 17:40:31.774746
BRBR,2354599936.0,2026-10-07 17:37:20.831404
BOOT,2343307008.0,2026-10-07 17:37:20.831404
SUI,2331699968.0,2026-10-08 17:40:28.174371
LAMR,2326225920.0,2026-10-08 17:40:31.774746
EXP,2324933888.0,2026-10-07 17:37:25.087504
MTW,2320000000.0,2026-10-08 17:40:27.212550
OGS,2311846912.0,2026-10-08 17:40:25.818901
TITN,2305108992.0,2026-10-09 17:15:41.542080
ITRI,2303165952.0,2026-10-08 17:40:31.774746
FNV,2300800000.0,2026-10-07 17:37:27.243848
BKH,2299300096.0,2026-10-07 17:37:20.831404
CVCO,2297606912.0,2026-10-07 17:37:25.087504
ENOV,2296602880.0,2026-10-07 17:37:25.087504
WSC,2293591040.0,2026-10-08 17:40:27.212550
GDOT,2288058112.0,2026-10-07 17:37:27.243848
CON,2287464960.0,2026-10-07 17:37:20.831404
BOKF,2280098048.0,2026-10-07 17:37:20.831404
AMG,2270200064.0,2026-10-07 17:37:28.280429
RDNT,2268932096.0,2026-10-08 17:40:28.174371
JOYY,2268591104.0,2026-10-08 17:40:31.774746
GGG,2267209984.0,2026-10-07 17:37:27.243848
CMBT,2266800896.0,2026-10-07 17:37:20.831404
CFR,2264466944.0,2026-10-07 17:37:20.831404
TFX,2254523904.0,2026-10-09 17:15:41.542080
AMCX,2246166016.0,2026-10-07 17:37:28.280429
EPC,2243800064.0,2026-10-07 17:37:25.087504
REAX,2239813888.0,2026-10-08 17:40:28.174371
EXLS,2237314048.0,2026-10-07 17:37:25.087504
TXNM,2233929984.0,2026-10-09 17:15:41.542080
ALIT,2231000064.0,2026-10-07 17:37:28.280429
TDAY,2230614016.0,2026-10-09 17:15:41.542080
NJR,2229512960.0,2026-10-08 17:40:27.212550
AGI,2228400128.0,2026-10-07 17:37:27.243848
MRNA,2228000000.0,2026-10-08 17:40:27.212550
MAA,2218780928.0,2026-10-08 17:40:31.774746
FELE,2211886080.0,2026-10-07 17:37:28.280429
BVN,2207984896.0,2026-10-07 17:37:20.831404
TW,2204436992.0,2026-10-09 17:15:41.542080
WEN,2203697920.0,2026-10-09 17:15:43.636591
HZO,2196001024.0,2026-10-08 17:40:31.774746
UCTT,2195200000.0,2026-10-09 17:15:41.542080
KIM,2187133952.0,2026-10-08 17:40:31.774746
RAL,2185999872.0,2026-10-08 17:40:25.818901
ARLP,2174457088.0,2026-10-07 17:37:28.280429
VHI,2164199936.0,2026-10-09 17:15:41.542080
ICUI,2159601920.0,2026-10-08 17:40:31.774746
DORM,2155035904.0,2026-10-07 17:37:25.087504
MTX,2147200000.0,2026-10-08 17:40:27.212550
FTDR,2146000000.0,2026-10-07 17:37:27.243848
PAYC,2140700032.0,2026-10-08 17:40:25.818901
CNX,2139950976.0,2026-10-07 17:37:20.831404
DXPE,2139233024.0,2026-10-07 17:37:25.087504
VAL,2137699968.0,2026-10-09 17:15:41.542080
WIX,2133692032.0,2026-10-09 17:15:43.636591
CALY,2129799936.0,2026-10-07 17:37:20.831404
NVRI,2122722944.0,2026-10-08 17:40:28.174371
CAAP,2122510976.0,2026-10-07 17:37:20.831404
MH,2116973952.0,2026-10-08 17:40:27.212550
PIPR,2115250048.0,2026-10-08 17:40:25.818901
DLX,2112899968.0,2026-10-07 17:37:25.087504
LZB,2110094976.0,2026-10-08 17:40:31.774746
QGEN,2100363008.0,2026-10-08 17:40:25.818901
MTRN,2098291968.0,2026-10-08 17:40:27.212550
EVH,2097017984.0,2026-10-07 17:37:25.087504
DT,2095586048.0,2026-10-07 17:37:25.087504
SSP,2093380992.0,2026-10-08 17:40:28.174371
BZH,2081538944.0,2026-10-07 17:37:20.831404
PLAY,2081100032.0,2026-10-08 17:40:25.818901
OPLN,2075200000.0,2026-10-08 17:40:25.818901
AMR,2065092992.0,2026-10-07 17:37:28.280429
TIC,2054531968.0,2026-10-09 17:15:41.542080
DSGR,2053286016.0,2026-10-07 17:37:25.087504
GATX,2052099968.0,2026-10-07 17:37:27.243848
CRUS,2049830016.0,2026-10-07 17:37:25.087504
TRN,2042400000.0,2026-10-09 17:15:41.542080
BSP,2041833984.0,2026-10-01 17:13:08.883541
TTEC,2040770048.0,2026-10-09 17:15:41.542080
AEIS,2037799936.0,2026-10-07 17:37:27.243848
CTOS,2035309952.0,2026-10-07 17:37:25.087504
EYE,2033426048.0,2026-10-07 17:37:25.087504
EGO,2031771008.0,2026-10-07 17:37:25.087504
FLG,2031000064.0,2026-10-07 17:37:27.243848
U,2028409984.0,2026-10-09 17:15:41.542080
AMRC,2023937024.0,2026-10-07 17:37:28.280429
MBLY,2016000000.0,2026-10-08 17:40:27.212550
NOG,2012178944.0,2026-10-08 17:40:27.212550
VLY,2008211968.0,2026-10-09 17:15:41.542080
VLYPO,2008211968.0,2026-10-09 17:15:41.542080
VLYPP,2008211968.0,2026-10-09 17:15:41.542080
VLYPN,2008211968.0,2026-10-09 17:15:41.542080
STEP,2008205056.0,2026-10-08 17:40:28.174371
RRR,2004930048.0,2026-10-08 17:40:28.174371
AVAV,2002658944.0,2026-10-07 17:37:28.280429
SOBO,2000999936.0,2026-10-08 17:40:28.174371
KNSL,1996003968.0,2026-10-08 17:40:31.774746
VISN,1989900032.0,2026-10-09 17:15:41.542080
MATV,1988199936.0,2026-10-08 17:40:31.774746
ESS,1980775936.0,2026-10-07 17:37:25.087504
TALO,1979092992.0,2026-10-09 17:15:41.542080
HXL,1978300032.0,2026-10-08 17:40:31.774746
KWR,1975348992.0,2026-10-08 17:40:31.774746
RJET,1974599936.0,2026-10-08 17:40:28.174371
RLI,1974396032.0,2026-10-08 17:40:28.174371
SRPT,1974343936.0,2026-10-08 17:40:28.174371
GRBK,1969293952.0,2026-10-07 17:37:27.243848
PZZA,1967339008.0,2026-10-08 17:40:25.818901
VVV,1964000000.0,2026-10-09 17:15:43.636591
TBLA,1962294016.0,2026-10-09 17:15:41.542080
CWST,1955481984.0,2026-10-07 17:37:25.087504
RBC,1954400000.0,2026-10-08 17:40:25.818901
CVSA,1954084992.0,2026-10-07 17:37:25.087504
WWW,1951800064.0,2026-10-09 17:15:43.636591
AEBI,1951649024.0,2026-10-07 17:37:27.243848
TBLAW,1950941952.0,2026-06-09 13:41:06.766761
MD,1950625024.0,2026-10-08 17:40:27.212550
MSA,1946317056.0,2026-10-08 17:40:27.212550
UIS,1945799936.0,2026-10-09 17:15:41.542080
DEC,1943431040.0,2026-10-07 17:37:25.087504
KRO,1943100032.0,2026-10-08 17:40:31.774746
STUB,1936398976.0,2026-10-08 17:40:28.174371
YETI,1935756032.0,2026-10-09 17:15:41.542080
FHI,1934012032.0,2026-10-07 17:37:27.243848
VNOM,1934000000.0,2026-10-09 17:15:41.542080
SSRM,1933139968.0,2026-10-08 17:40:28.174371
OUT,1932899968.0,2026-10-08 17:40:25.818901
AAON,1932366976.0,2026-10-07 17:37:27.243848
DRVN,1931469952.0,2026-10-07 17:37:25.087504
MZTI,1929822976.0,2026-10-08 17:40:27.212550
SAM,1925446016.0,2026-10-08 17:40:28.174371
AVA,1919000064.0,2026-10-07 17:37:28.280429
SGU,1911734016.0,2026-10-08 17:40:28.174371
ECPG,1901187968.0,2026-10-07 17:37:25.087504
ATMU,1899699968.0,2026-10-07 17:37:28.280429
SXC,1897600000.0,2026-10-09 17:15:41.542080
KOP,1893400064.0,2026-10-08 17:40:31.774746
KNTK,1885804032.0,2026-10-08 17:40:31.774746
PJT,1885650048.0,2026-10-08 17:40:25.818901
CRK,1882471040.0,2026-10-07 17:37:28.280429
BROS,1882456960.0,2026-10-07 17:37:20.831404
VNO,1877104000.0,2026-10-09 17:15:41.542080
AMH,1875582976.0,2026-10-07 17:37:28.280429
TWI,1866744064.0,2026-10-09 17:15:41.542080
PBI,1866210944.0,2026-10-08 17:40:25.818901
HCSG,1864594048.0,2026-10-07 17:37:27.243848
CRTO,1863453056.0,2026-10-07 17:37:25.087504
NX,1863147008.0,2026-10-08 17:40:25.818901
MERC,1857154048.0,2026-10-08 17:40:27.212550
IOT,1847552000.0,2026-10-08 17:40:31.774746
CBSH,1844477952.0,2026-10-07 17:37:20.831404
ITGR,1843441024.0,2026-10-08 17:40:31.774746
IOSP,1842099968.0,2026-10-08 17:40:31.774746
ASH,1842000000.0,2026-10-07 17:37:28.280429
SMP,1836690944.0,2026-10-08 17:40:28.174371
GEL,1833305984.0,2026-10-07 17:37:27.243848
MDU,1830327040.0,2026-10-08 17:40:27.212550
TRIP,1830200064.0,2026-10-09 17:15:41.542080
LAUR,1830087040.0,2026-10-08 17:40:31.774746
GPRE,1829363968.0,2026-10-07 17:37:27.243848
OEC,1823000064.0,2026-10-08 17:40:25.818901
ICFI,1821073024.0,2026-10-08 17:40:31.774746
WPC,1820412032.0,2026-10-08 17:40:27.212550
ACIW,1820130944.0,2026-10-07 17:37:28.280429
ALTG,1817699968.0,2026-10-07 17:37:28.280429
HELE,1816749952.0,2026-10-07 17:37:27.243848
MBGL,1814000000.0,2026-10-01 17:13:08.883541
ONEW,1813699968.0,2026-10-08 17:40:25.818901
RELY,1809629056.0,2026-10-08 17:40:28.174371
CXT,1802899968.0,2026-10-07 17:37:25.087504
IDA,1802868992.0,2026-10-08 17:40:31.774746
ESTC,1802156032.0,2026-10-07 17:37:25.087504
CODI,1792016000.0,2026-10-07 17:37:20.831404
WB,1790713984.0,2026-10-09 17:15:43.636591
RES,1788504064.0,2026-10-08 17:40:28.174371
ACDC,1787299968.0,2026-10-07 17:37:28.280429
ZWS,1786599936.0,2026-10-09 17:15:41.542080
OSIS,1785984000.0,2026-10-08 17:40:25.818901
ALH,1776121984.0,2026-10-07 17:37:28.280429
HURN,1773988992.0,2026-10-08 17:40:31.774746
PCTY,1771325952.0,2026-10-08 17:40:25.818901
BGS,1771070976.0,2026-10-07 17:37:20.831404
ARXS,1770082944.0,2026-10-07 17:37:28.280429
SENEA,1767390976.0,2026-10-08 17:40:28.174371
SENEB,1767390976.0,2026-10-08 17:40:28.174371
UDR,1766329984.0,2026-10-09 17:15:41.542080
PSFE,1762337024.0,2026-10-08 17:40:25.818901
ELF,1762105984.0,2026-10-07 17:37:25.087504
TRMD,1760000000.0,2026-10-09 17:15:41.542080
FRHC,1752349056.0,2026-10-07 17:37:27.243848
HMN,1746099968.0,2026-10-07 17:37:27.243848
FNB,1744899968.0,2026-10-07 17:37:27.243848
HL,1743976960.0,2026-10-07 17:37:27.243848
SVV,1743015040.0,2026-10-09 17:15:41.542080
SWX,1740919040.0,2026-10-09 17:15:41.542080
BWIN,1737842048.0,2026-10-07 17:37:20.831404
PEGA,1736355968.0,2026-10-08 17:40:25.818901
SKWD,1733511040.0,2026-10-08 17:40:28.174371
IMMR,1733060992.0,2026-10-08 17:40:31.774746
PENG,1731468032.0,2026-10-08 17:40:25.818901
FOR,1724800000.0,2026-10-07 17:37:27.243848
CGAU,1724125952.0,2026-10-07 17:37:20.831404
PATH,1720857984.0,2026-10-08 17:40:25.818901
BNED,1717204992.0,2026-10-07 17:37:20.831404
OPY,1715870976.0,2026-10-08 17:40:25.818901
TTAM,1711556992.0,2026-10-09 17:15:41.542080
TSEM,1709582976.0,2026-10-09 17:15:41.542080
VRSN,1707900032.0,2026-10-09 17:15:41.542080
SXT,1703470976.0,2026-10-09 17:15:41.542080
OBDC,1698930944.0,2026-10-08 17:40:25.818901
AWI,1695399936.0,2026-10-07 17:37:28.280429
ENVA,1691782016.0,2026-10-07 17:37:25.087504
NWE,1691384960.0,2026-10-08 17:40:28.174371
TBI,1691010944.0,2026-10-09 17:15:41.542080
TDC,1691000064.0,2026-10-09 17:15:41.542080
SLM,1685997952.0,2026-10-08 17:40:28.174371
SLMBP,1685997952.0,2026-10-08 17:40:28.174371
REGCO,1685532032.0,2026-10-08 17:40:28.174371
REGCP,1685532032.0,2026-10-08 17:40:28.174371
REG,1685532032.0,2026-10-08 17:40:28.174371
LGIH,1682797952.0,2026-10-08 17:40:31.774746
HCC,1682455040.0,2026-10-07 17:37:27.243848
CCO,1679056000.0,2026-10-07 17:37:20.831404
AZZ,1676647936.0,2026-10-07 17:37:28.280429
ALKS,1667651968.0,2026-10-07 17:37:28.280429
WLYB,1666088960.0,2026-10-08 17:40:27.212550
WLY,1666088960.0,2026-10-08 17:40:27.212550
HALO,1663737984.0,2026-10-07 17:37:27.243848
FA,1663132032.0,2026-10-07 17:37:20.831404
SVC,1661648000.0,2026-10-08 17:40:28.174371
ALG,1661574016.0,2026-10-07 17:37:28.280429
BRC,1661565056.0,2026-10-07 17:37:20.831404
GLPI,1655144960.0,2026-10-07 17:37:27.243848
PKOH,1654700032.0,2026-10-08 17:40:25.818901
BILL,1653159936.0,2026-10-07 17:37:20.831404
AGRO,1649838976.0,2026-10-07 17:37:28.280429
RDN,1649537024.0,2026-10-08 17:40:28.174371
IART,1647666048.0,2026-10-08 17:40:31.774746
PRKS,1647011968.0,2026-10-08 17:40:25.818901
IHS,1645699968.0,2026-10-08 17:40:31.774746
AG,1641153024.0,2026-10-07 17:37:27.243848
DIOD,1634744064.0,2026-10-07 17:37:25.087504
UVE,1629505024.0,2026-10-09 17:15:41.542080
OCTV,1626668032.0,2026-10-08 17:40:25.818901
NESR,1618914944.0,2026-10-08 17:40:27.212550
SLQT,1618498944.0,2026-10-08 17:40:28.174371
HESM,1614200064.0,2026-10-07 17:37:27.243848
BLBD,1612243968.0,2026-10-07 17:37:20.831404
HLMN,1602402048.0,2026-10-07 17:37:27.243848
BSY,1602039040.0,2026-10-07 17:37:20.831404
CRDO,1591044992.0,2026-10-07 17:37:28.280429
LFST,1584834048.0,2026-10-08 17:40:31.774746
KOS,1584611968.0,2026-10-08 17:40:31.774746
EZPW,1584461056.0,2026-10-07 17:37:25.087504
CPT,1581868032.0,2026-10-07 17:37:28.280429
THRM,1579529984.0,2026-10-09 17:15:41.542080
MMSI,1578813056.0,2026-10-08 17:40:27.212550
CWEN,1574000000.0,2026-10-07 17:37:25.087504
MC,1573993984.0,2026-10-08 17:40:27.212550
SCHL,1573100032.0,2026-10-08 17:40:28.174371
ACCO,1571299968.0,2026-10-07 17:37:28.280429
ZETA,1570877056.0,2026-10-09 17:15:41.542080
ELS,1568076032.0,2026-10-07 17:37:25.087504
ROOT,1567500032.0,2026-10-08 17:40:28.174371
VTOL,1564013056.0,2026-10-09 17:15:43.636591
ASIX,1559888000.0,2026-10-07 17:37:28.280429
NHC,1559020032.0,2026-10-08 17:40:27.212550
VCTR,1558667008.0,2026-10-09 17:15:41.542080
MASI,1558499968.0,2026-06-08 14:44:10.506241
LNTH,1556312960.0,2026-10-08 17:40:31.774746
ASB,1555949952.0,2026-10-07 17:37:28.280429
ASTE,1555100032.0,2026-10-07 17:37:28.280429
XPRO,1554237952.0,2026-10-09 17:15:41.542080
SHAK,1552296960.0,2026-10-08 17:40:28.174371
OZK,1552274048.0,2026-10-08 17:40:25.818901
OZKAP,1552274048.0,2026-10-08 17:40:25.818901
LCID,1547122048.0,2026-10-08 17:40:31.774746
RBRK,1542178048.0,2026-10-08 17:40:25.818901
DHCNL,1537853056.0,2026-10-07 17:37:25.087504
RGLD,1535682944.0,2026-10-08 17:40:28.174371
ULH,1529112064.0,2026-10-09 17:15:41.542080
JJSF,1524797056.0,2026-10-08 17:40:31.774746
KTOS,1522499968.0,2026-10-08 17:40:31.774746
TRUP,1520755968.0,2026-10-09 17:15:41.542080
CLW,1520499968.0,2026-10-07 17:37:20.831404
VIAV,1518300032.0,2026-10-09 17:15:41.542080
PAHC,1518093056.0,2026-10-08 17:40:25.818901
VATE,1516199936.0,2026-10-09 17:15:41.542080
AUB,1507731968.0,2026-10-07 17:37:28.280429
PEN,1504873984.0,2026-10-08 17:40:25.818901
AROC,1504508032.0,2026-10-07 17:37:28.280429
FLWS,1503511040.0,2026-10-07 17:37:27.243848
PIII,1502838016.0,2026-10-08 17:40:25.818901
PIIIW,1502838016.0,2026-10-08 17:40:25.818901
IPAR,1501676032.0,2026-10-08 17:40:31.774746
PEB,1500539008.0,2026-10-08 17:40:25.818901
DHC,1500135040.0,2026-10-07 17:37:25.087504
AAUC,1493846016.0,2026-10-07 17:37:27.243848
SONO,1490349056.0,2026-10-08 17:40:28.174371
CMCO,1488992000.0,2026-10-07 17:37:20.831404
NNI,1488691968.0,2026-10-08 17:40:27.212550
MGY,1479885056.0,2026-10-08 17:40:27.212550
NMM,1479645952.0,2026-10-08 17:40:27.212550
MWA,1479299968.0,2026-10-08 17:40:27.212550
ADUS,1476407040.0,2026-10-07 17:37:27.243848
SDRL,1476000000.0,2026-10-08 17:40:28.174371
GWRE,1475362944.0,2026-10-07 17:37:27.243848
YELP,1473003008.0,2026-10-09 17:15:41.542080
UFCS,1472992000.0,2026-10-09 17:15:41.542080
LIVN,1471518976.0,2026-10-08 17:40:31.774746
EE,1471320960.0,2026-10-07 17:37:25.087504
OXM,1467608064.0,2026-10-08 17:40:25.818901
MIAX,1466530944.0,2026-10-08 17:40:27.212550
GCT,1466515968.0,2026-10-07 17:37:27.243848
DNUT,1465693952.0,2026-10-07 17:37:25.087504
RYAM,1465588992.0,2026-10-08 17:40:28.174371
FOXF,1464205952.0,2026-10-07 17:37:27.243848
GRDN,1463405952.0,2026-10-07 17:37:27.243848
UTZ,1453100032.0,2026-10-09 17:15:41.542080
CRSR,1451464960.0,2026-10-07 17:37:25.087504
ROCK,1445460992.0,2026-10-08 17:40:28.174371
CABO,1441633024.0,2026-10-07 17:37:20.831404
TILE,1440653952.0,2026-10-09 17:15:41.542080
APLE,1440608000.0,2026-10-07 17:37:28.280429
ZD,1438028032.0,2026-10-09 17:15:41.542080
GIC,1436199936.0,2026-10-07 17:37:27.243848
BJRI,1432562048.0,2026-10-07 17:37:20.831404
TEM,1432018944.0,2026-10-09 17:15:41.542080
KE,1431378048.0,2026-10-08 17:40:31.774746
WTTR,1430509952.0,2026-10-09 17:15:43.636591
JACK,1427555968.0,2026-10-08 17:40:31.774746
WNC,1423517952.0,2026-10-08 17:40:27.212550
PCOR,1422448000.0,2026-10-08 17:40:25.818901
WOR,1421470976.0,2026-10-08 17:40:27.212550
FPS,1420059008.0,2026-10-07 17:37:27.243848
WH,1418000000.0,2026-10-09 17:15:43.636591
HGTY,1415395968.0,2026-10-07 17:37:27.243848
HWC,1412391040.0,2026-10-08 17:40:31.774746
ARHS,1408588032.0,2026-10-07 17:37:28.280429
BRX,1403611008.0,2026-10-07 17:37:20.831404
APOG,1400795008.0,2026-10-07 17:37:28.280429
SPH,1394347008.0,2026-10-08 17:40:28.174371
HAPN,1393619968.0,2026-09-22 15:19:17.140712
KGS,1392493952.0,2026-10-08 17:40:31.774746
SMPL,1392235008.0,2026-10-08 17:40:28.174371
PB,1391284992.0,2026-10-08 17:40:25.818901
ACEL,1390822016.0,2026-10-07 17:37:28.280429
PGYWW,1389959040.0,2026-10-08 17:40:25.818901
PGY,1389959040.0,2026-10-08 17:40:25.818901
KVYO,1389656064.0,2026-10-08 17:40:31.774746
SLDE,1388801024.0,2026-10-08 17:40:28.174371
RLJ,1381645952.0,2026-10-08 17:40:28.174371
AX,1379388032.0,2026-10-07 17:37:28.280429
ITG,1375619968.0,2026-10-01 17:13:08.883541
NEGG,1375449984.0,2026-10-08 17:40:27.212550
NUS,1375250944.0,2026-10-08 17:40:27.212550
CAVA,1373928960.0,2026-10-07 17:37:20.831404
LC,1372130048.0,2026-06-08 14:44:06.982061
CNMD,1371657984.0,2026-10-07 17:37:20.831404
WBTN,1368064000.0,2026-10-09 17:15:43.636591
GSM,1367444992.0,2026-10-07 17:37:27.243848
RSI,1366941056.0,2026-10-08 17:40:28.174371
MNDY,1366619008.0,2026-10-08 17:40:27.212550
WHD,1363033984.0,2026-10-09 17:15:43.636591
BXSL,1362327040.0,2026-10-07 17:37:20.831404
HQY,1362123008.0,2026-10-07 17:37:27.243848
GPOR,1361953024.0,2026-10-07 17:37:27.243848
PAY,1360371968.0,2026-10-08 17:40:25.818901
VSECU,1357808000.0,2026-10-09 17:15:43.636591
VSEC,1357808000.0,2026-10-09 17:15:43.636591
SPHR,1356845056.0,2026-10-08 17:40:28.174371
DLO,1355896064.0,2026-10-07 17:37:25.087504
NBIS,1355100032.0,2026-10-08 17:40:27.212550
DLB,1354354944.0,2026-10-07 17:37:25.087504
HAIN,1353428992.0,2026-10-07 17:37:27.243848
HAE,1352013056.0,2026-10-07 17:37:27.243848
HLX,1349219968.0,2026-08-08 11:21:45.491621
SFIX,1348119040.0,2026-10-08 17:40:28.174371
TDW,1346419968.0,2026-10-09 17:15:41.542080
KFRC,1344358016.0,2026-10-08 17:40:31.774746
NGVC,1343835008.0,2026-10-08 17:40:27.212550
AVO,1338499968.0,2026-10-07 17:37:28.280429
SNBR,1337176064.0,2026-06-08 14:44:07.369559
FRT,1335422976.0,2026-10-07 17:37:27.243848
FULTP,1333516032.0,2026-10-07 17:37:27.243848
FULT,1333516032.0,2026-10-07 17:37:27.243848
SEDG,1332280960.0,2026-10-08 17:40:28.174371
PRAA,1331236992.0,2026-10-08 17:40:25.818901
INDV,1331000064.0,2026-10-08 17:40:31.774746
BKE,1328528000.0,2026-10-07 17:37:20.831404
ENPH,1328502016.0,2026-10-07 17:37:25.087504
ESNT,1322992000.0,2026-10-07 17:37:25.087504
LE,1320813056.0,2026-10-08 17:40:31.774746
FWRG,1318004992.0,2026-10-07 17:37:27.243848
OTTR,1315070976.0,2026-10-08 17:40:25.818901
FSK,1315000064.0,2026-10-07 17:37:27.243848
SIMO,1313565952.0,2026-10-08 17:40:28.174371
AM,1312627968.0,2026-10-07 17:37:28.280429
PGNY,1310764032.0,2026-10-08 17:40:25.818901
RVLV,1310286976.0,2026-10-08 17:40:28.174371
DTM,1310000000.0,2026-10-07 17:37:25.087504
WEST,1308780032.0,2026-10-09 17:15:43.636591
OTF,1307137024.0,2026-10-08 17:40:25.818901
CACC,1303399936.0,2026-10-07 17:37:20.831404
PLNT,1301656064.0,2026-10-08 17:40:25.818901
MNR,1298400000.0,2026-10-08 17:40:27.212550
IDT,1297959936.0,2026-10-08 17:40:31.774746
ORLA,1296091008.0,2026-07-09 13:44:24.411983
QNST,1293712000.0,2026-10-08 17:40:25.818901
NWN,1292839936.0,2026-10-08 17:40:28.174371
CMP,1292099968.0,2026-10-07 17:37:20.831404
ESE,1290701056.0,2026-10-07 17:37:25.087504
AUGO,1288066048.0,2026-10-07 17:37:28.280429
STRA,1286350976.0,2026-10-08 17:40:28.174371
SAFT,1286306944.0,2026-10-08 17:40:28.174371
UPST,1285890048.0,2026-10-09 17:15:41.542080
MDGL,1283939968.0,2026-10-08 17:40:27.212550
EXTR,1283592960.0,2026-10-07 17:37:25.087504
FIG,1281470976.0,2026-10-07 17:37:27.243848
KYIVW,1280000000.0,2026-10-08 17:40:31.774746
KYIV,1280000000.0,2026-10-08 17:40:31.774746
LEGN,1271399936.0,2026-10-08 17:40:31.774746
TCBIO,1270317056.0,2026-09-09 14:57:24.401443
TCBI,1270317056.0,2026-10-09 17:15:41.542080
HTH,1270299008.0,2026-10-08 17:40:31.774746
ARIS,1269385984.0,2026-10-07 17:37:28.280429
TREE,1268168960.0,2026-10-09 17:15:41.542080
NFE,1266651008.0,2026-10-08 17:40:27.212550
BBSI,1266348032.0,2026-10-07 17:37:28.280429
CRD-B,1261656064.0,2026-10-07 17:37:28.280429
CRD-A,1261656064.0,2026-10-07 17:37:28.280429
INSW,1261373056.0,2026-10-08 17:40:31.774746
OHI,1261364992.0,2026-10-08 17:40:25.818901
LDI,1260452992.0,2026-10-08 17:40:31.774746
TDS,1257964032.0,2026-10-09 17:15:41.542080
GTM,1257699968.0,2026-10-07 17:37:27.243848
ACT,1253538048.0,2026-10-07 17:37:28.280429
HFFG,1250784000.0,2026-10-07 17:37:27.243848
UBSI,1250497024.0,2026-10-09 17:15:41.542080
STRZ,1249032960.0,2026-10-08 17:40:28.174371
APAM,1247713024.0,2026-10-07 17:37:28.280429
OMCL,1246702976.0,2026-10-08 17:40:25.818901
LUCK,1245318016.0,2026-10-08 17:40:25.818901
LSPD,1244807936.0,2026-10-08 17:40:25.818901
WLKP,1234722048.0,2026-10-08 17:40:27.212550
BOX,1234070016.0,2026-10-07 17:37:20.831404
CVLG,1232296960.0,2026-10-07 17:37:25.087504
TASK,1226790016.0,2026-10-09 17:15:41.542080
MAX,1224547968.0,2026-10-08 17:40:27.212550
NPO,1223800064.0,2026-10-08 17:40:27.212550
AIN,1223454976.0,2026-10-07 17:37:28.280429
MTUS,1222499968.0,2026-10-08 17:40:27.212550
TEAD,1221580032.0,2026-10-09 17:15:41.542080
SPWH,1217841024.0,2026-10-08 17:40:28.174371
TNC,1216800000.0,2026-10-09 17:15:41.542080
SHC,1216173056.0,2026-10-08 17:40:28.174371
CVLT,1215842944.0,2026-10-07 17:37:25.087504
STNG,1215607040.0,2026-10-08 17:40:28.174371
TECH,1215038976.0,2026-10-09 17:15:41.542080
TREX,1207895040.0,2026-10-09 17:15:41.542080
WAY,1205736960.0,2026-10-09 17:15:43.636591
FIVN,1203876992.0,2026-10-07 17:37:27.243848
SBLK,1203005056.0,2026-10-08 17:40:28.174371
XIFR,1202000000.0,2026-10-09 17:15:41.542080
ALAB,1201918976.0,2026-10-07 17:37:28.280429
DKL,1199268992.0,2026-10-07 17:37:25.087504
WD,1198200960.0,2026-10-09 17:15:43.636591
SYNA,1197200000.0,2026-10-09 17:15:41.542080
MTG,1195622016.0,2026-10-08 17:40:27.212550
RRGB,1190071040.0,2026-10-08 17:40:28.174371
KEN,1189928960.0,2026-10-08 17:40:31.774746
ORA,1188438016.0,2026-10-08 17:40:25.818901
AGX,1188132992.0,2026-10-07 17:37:28.280429
ARRY,1185011968.0,2026-10-07 17:37:28.280429
ABCB,1183270016.0,2026-10-07 17:37:28.280429
GH,1183105024.0,2026-10-07 17:37:27.243848
FSM,1182487040.0,2026-10-07 17:37:27.243848
FIZZ,1180699008.0,2026-10-07 17:37:27.243848
LESL,1179570944.0,2026-09-08 14:50:30.912313
FRPT,1177308032.0,2026-10-07 17:37:27.243848
USAC,1176161024.0,2026-10-09 17:15:41.542080
JBSS,1175672960.0,2026-10-08 17:40:31.774746
SMTC,1174215040.0,2026-10-08 17:40:28.174371
CSW,1169553024.0,2026-10-07 17:37:25.087504
HAYW,1167304960.0,2026-10-07 17:37:27.243848
SAIL,1165543936.0,2026-10-08 17:40:28.174371
MTSI,1163974016.0,2026-10-08 17:40:27.212550
NGVT,1160300032.0,2026-10-08 17:40:27.212550
PUMP,1160087040.0,2026-10-08 17:40:25.818901
POWL,1157522048.0,2026-10-08 17:40:25.818901
MSGS,1153821952.0,2026-10-08 17:40:27.212550
TNK,1152893952.0,2026-10-09 17:15:41.542080
KAI,1152151040.0,2026-10-08 17:40:31.774746
TK,1151122048.0,2026-10-09 17:15:41.542080
AENTW,1148985984.0,2026-10-07 17:37:27.243848
AENT,1148985984.0,2026-10-07 17:37:27.243848
BLKB,1148135936.0,2026-10-07 17:37:20.831404
HR,1147985024.0,2026-10-07 17:37:27.243848
ONIT,1147500032.0,2026-10-08 17:40:25.818901
DUOL,1145001984.0,2026-10-07 17:37:25.087504
MNRO,1143270016.0,2026-10-08 17:40:27.212550
LOPE,1142066048.0,2026-10-08 17:40:31.774746
BBBYW,1139531008.0,2026-09-17 15:23:36.979615
NXH,1139531008.0,2026-09-17 15:23:36.979615
TRLV,1139040000.0,2026-09-10 14:43:12.525053
CUBE,1138882944.0,2026-10-07 17:37:25.087504
ACAD,1138643968.0,2026-10-07 17:37:28.280429
ADTN,1138226944.0,2026-10-07 17:37:27.243848
INSM,1137634944.0,2026-10-08 17:40:31.774746
DRH,1136365952.0,2026-10-07 17:37:25.087504
KODK,1135000064.0,2026-10-08 17:40:31.774746
GBCI,1129170048.0,2026-10-07 17:37:27.243848
SCVL,1128338944.0,2026-06-08 14:44:07.369559
MANH,1126193024.0,2026-10-08 17:40:31.774746
PLCE,1125724032.0,2026-10-08 17:40:25.818901
ONTO,1120136960.0,2026-10-08 17:40:25.818901
RHLD,1119554944.0,2026-10-08 17:40:28.174371
TOWN,1117165952.0,2026-10-09 17:15:41.542080
BKKT,1115126016.0,2026-10-07 17:37:20.831404
CCC,1112189952.0,2026-10-07 17:37:20.831404
CALX,1111198976.0,2026-10-07 17:37:20.831404
GLBE,1108521984.0,2026-10-07 17:37:27.243848
UCB,1108407040.0,2026-10-09 17:15:41.542080
MATW,1108238976.0,2026-10-08 17:40:31.774746
SHOE,1106259968.0,2026-09-12 13:49:16.620674
HWKN,1106098944.0,2026-10-08 17:40:31.774746
MPT,1104899968.0,2026-10-08 17:40:27.212550
PBH,1104884992.0,2026-10-08 17:40:25.818901
PNTG,1101709952.0,2026-10-08 17:40:25.818901
HOMB,1099376000.0,2026-10-07 17:37:27.243848
S,1098704000.0,2026-10-08 17:40:28.174371
EBC,1098209024.0,2026-10-07 17:37:25.087504
PRA,1095440000.0,2026-06-08 14:44:09.894286
RDNW,1095100032.0,2026-10-08 17:40:28.174371
KRC,1094354944.0,2026-10-08 17:40:31.774746
XHR,1092893952.0,2026-10-09 17:15:41.542080
PLMR,1091383040.0,2026-10-08 17:40:25.818901
CGNX,1088930048.0,2026-10-07 17:37:20.831404
BCPC,1085880960.0,2026-10-07 17:37:28.280429
PAYO,1081395968.0,2026-10-08 17:40:25.818901
CRMT,1080141056.0,2026-10-07 17:37:25.087504
WSFS,1077805952.0,2026-10-08 17:40:27.212550
ARX,1071699968.0,2026-10-07 17:37:28.280429
CBC,1071139968.0,2026-10-07 17:37:20.831404
IPGP,1069340032.0,2026-10-08 17:40:31.774746
AESI,1067804032.0,2026-10-07 17:37:27.243848
RILYP,1066051008.0,2026-10-08 17:40:28.174371
RILYL,1066051008.0,2026-10-08 17:40:28.174371
RILY,1066051008.0,2026-10-08 17:40:28.174371
AHT,1065907008.0,2026-10-07 17:37:28.280429
TTAN,1064729984.0,2026-10-09 17:15:41.542080
RNST,1062574976.0,2026-10-08 17:40:28.174371
ALRM,1060984000.0,2026-10-07 17:37:28.280429
MSGE,1060784000.0,2026-10-08 17:40:27.212550
MMYT,1060723968.0,2026-10-08 17:40:27.212550
CSQR,1060283008.0,2026-09-15 15:22:22.531084
FIBK,1058600000.0,2026-10-07 17:37:27.243848
GTLB,1055166976.0,2026-10-07 17:37:27.243848
DAC,1055062976.0,2026-10-07 17:37:25.087504
CWT,1054382016.0,2026-10-07 17:37:25.087504
TGLS,1050078976.0,2026-10-09 17:15:41.542080
BKV,1049788032.0,2026-10-07 17:37:20.831404
WSBCO,1046739968.0,2026-10-08 17:40:27.212550
WSBC,1046739968.0,2026-10-08 17:40:27.212550
BKU,1044859008.0,2026-10-07 17:37:20.831404
ERO,1044729024.0,2026-10-07 17:37:25.087504
MEI,1044099968.0,2026-10-08 17:40:27.212550
TENB,1043539008.0,2026-10-09 17:15:41.542080
LMRI,1043377024.0,2026-10-08 17:40:31.774746
TNDM,1041417024.0,2026-10-09 17:15:41.542080
APPF,1040883008.0,2026-10-07 17:37:28.280429
ACMR,1037772032.0,2026-10-07 17:37:28.280429
GLIBA,1036000000.0,2026-10-07 17:37:27.243848
GLIBK,1036000000.0,2026-10-07 17:37:27.243848
NOVTU,1029699008.0,2026-10-08 17:40:27.212550
NOVT,1029699008.0,2026-10-08 17:40:27.212550
MAC,1027411008.0,2026-10-08 17:40:31.774746
CUZ,1025451008.0,2026-10-07 17:37:25.087504
MIR,1024899968.0,2026-10-08 17:40:27.212550
EMBC,1018700032.0,2026-10-07 17:37:25.087504
BORR,1015800000.0,2026-10-07 17:37:20.831404
ICHR,1013753984.0,2026-10-08 17:40:31.774746
PXED,1013680000.0,2026-10-08 17:40:25.818901
DOCN,1011113024.0,2026-10-07 17:37:25.087504
OSW,1009521984.0,2026-10-08 17:40:25.818901
PTCT,1008753984.0,2026-10-08 17:40:25.818901
DEI,1007520000.0,2026-10-07 17:37:25.087504
VRRM,1006958976.0,2026-10-09 17:15:41.542080
CHH,1006168000.0,2026-10-07 17:37:20.831404
DOUG,1006067968.0,2026-10-07 17:37:25.087504
CCRN,1001942016.0,2026-07-08 12:16:12.401803
SDHC,1001939968.0,2026-10-08 17:40:28.174371
SHO,1001907008.0,2026-10-08 17:40:28.174371
YOU,1000704000.0,2026-10-09 17:15:41.542080
PRTH,1000380992.0,2026-10-08 17:40:25.818901
