ticker,revenue,checked_at
AMZN,742775980032.0,2026-06-08 04:04:53.658464
WMT,725304999936.0,2026-06-09 13:41:06.020266
AAPL,451442016256.0,2026-06-08 04:04:53.658464
UNH,449713012736.0,2026-06-09 13:41:06.766761
GOOGL,422498009088.0,2026-06-08 04:04:44.068028
GOOG,422498009088.0,2026-06-08 04:04:44.068028
CVS,405617999872.0,2026-06-08 04:04:42.141673
MCK,403430014976.0,2026-06-08 14:44:10.506241
BRK-A,375394009088.0,2026-06-08 04:04:42.960559
BRK-B,375394009088.0,2026-06-08 04:04:42.960559
COR,328680013824.0,2026-06-08 04:04:42.141673
XOM,326008012800.0,2026-06-09 13:41:06.020266
MSFT,318272995328.0,2026-06-08 14:44:10.506241
COST,293586993152.0,2026-06-08 04:04:42.141673
CI,277892005888.0,2026-06-08 04:04:42.960559
SHEL,267342004224.0,2026-06-08 14:44:07.369559
NVDA,253491003392.0,2026-06-08 14:44:09.894286
CAH,250735001600.0,2026-06-08 04:04:42.960559
META,214962995200.0,2026-06-08 14:44:10.506241
ELV,200416002048.0,2026-06-08 04:04:42.141673
BP,193004994560.0,2026-06-08 04:04:42.960559
F,189861003264.0,2026-06-08 04:04:44.068028
CVX,185740001280.0,2026-06-08 04:04:42.141673
GM,184623005696.0,2026-06-08 04:04:44.068028
TTE,183960993792.0,2026-06-09 13:41:06.766761
CNC,178331992064.0,2026-06-08 04:04:42.960559
JPM,173559005184.0,2026-06-08 14:44:06.982061
HD,166592004096.0,2026-06-08 04:04:44.068028
SNEX,150539698176.0,2026-06-08 14:44:07.369559
KR,147642007552.0,2026-06-08 14:44:06.982061
VZ,139146002432.0,2026-06-09 13:41:06.766761
HUM,137200001024.0,2026-06-08 14:44:06.982061
MPC,135946002432.0,2026-06-08 14:44:10.506241
PSX,134485999616.0,2026-06-08 14:44:09.894286
DELL,134001999872.0,2026-06-08 04:04:42.141673
T,126527995904.0,2026-06-09 13:41:06.766761
CMCSA,125277003776.0,2026-06-08 04:04:42.960559
VLO,117841002496.0,2026-06-09 13:41:06.766761
BAC,109590003712.0,2026-06-08 04:04:53.658464
TGT,106377003008.0,2026-06-09 13:41:06.766761
EQNR,104260001792.0,2026-06-08 04:04:42.141673
TSLA,97878999040.0,2026-06-09 13:41:06.766761
DIS,97263001600.0,2026-06-08 04:04:42.141673
JNJ,96361996288.0,2026-06-08 14:44:06.982061
PEP,95448997888.0,2026-06-08 14:44:09.894286
ET,92287000576.0,2026-06-08 04:04:42.141673
BA,92184002560.0,2026-06-08 04:04:53.658464
FDX,91932999680.0,2026-06-08 04:04:44.068028
TMUS,90529996800.0,2026-06-09 13:41:06.766761
RTX,90372997120.0,2026-06-08 14:44:07.369559
PGR,89415000064.0,2026-06-08 14:44:09.894286
LOW,88433999872.0,2026-06-08 14:44:06.982061
UPS,88317001728.0,2026-06-09 13:41:06.766761
JBS,88266285056.0,2026-06-08 14:44:06.982061
PG,86716997632.0,2026-06-08 14:44:09.894286
SYY,83567001600.0,2026-06-09 13:41:06.766761
ACI,83172499456.0,2026-06-08 04:04:53.658464
WFC,81135001600.0,2026-06-09 13:41:06.766761
ADM,80583999488.0,2026-06-08 04:04:53.658464
BG,80546996224.0,2026-06-08 04:04:42.960559
BN,79113003008.0,2026-06-08 04:04:42.960559
C,78734000128.0,2026-06-08 04:04:42.960559
MET,77583998976.0,2026-06-08 14:44:10.506241
HCA,76387999744.0,2026-06-08 04:04:44.068028
AVGO,75464998912.0,2026-06-08 04:04:53.658464
LMT,75106000896.0,2026-06-08 14:44:06.982061
MS,73173999616.0,2026-06-08 14:44:10.506241
LLY,72248999936.0,2026-06-08 14:44:06.982061
ACN,72110325760.0,2026-06-08 04:04:53.658464
CAT,70755000320.0,2026-06-08 04:04:42.960559
IBM,68910997504.0,2026-06-08 14:44:06.982061
AXP,68811997184.0,2026-06-08 04:04:53.658464
ALL,68174000128.0,2026-06-08 04:04:53.658464
MRK,65768001536.0,2026-06-08 14:44:10.506241
DAL,65178001408.0,2026-06-08 04:04:42.141673
SNX,65137577984.0,2026-06-08 14:44:07.369559
ORCL,64076001280.0,2026-06-08 14:44:09.894286
HSBC,63773999104.0,2026-06-08 14:44:06.982061
PFGC,63349501952.0,2026-06-08 14:44:09.894286
PFE,63315001344.0,2026-06-08 14:44:09.894286
PRU,63288999936.0,2026-06-08 14:44:09.894286
ABBV,62819000320.0,2026-06-08 04:04:53.658464
MT,62010998784.0,2026-06-08 14:44:10.506241
TJX,61583998976.0,2026-06-09 13:41:06.766761
GS,61532999680.0,2026-06-08 04:04:44.068028
CB,60987998208.0,2026-06-08 04:04:42.960559
BUD,60958998528.0,2026-06-08 04:04:42.960559
CSCO,60745998336.0,2026-06-08 04:04:42.141673
UAL,60465000448.0,2026-06-09 13:41:06.766761
AZN,60438999040.0,2026-06-08 04:04:53.658464
COP,59377999872.0,2026-06-08 04:04:42.141673
GLXY,58713018368.0,2026-06-08 04:04:44.068028
MU,58119000064.0,2026-06-08 14:44:10.506241
RIO,57637998592.0,2026-06-08 14:44:07.369559
HPQ,57416998912.0,2026-06-08 04:04:44.068028
NVS,56577998848.0,2026-06-08 14:44:09.894286
AAL,55993999360.0,2026-06-08 04:04:53.658464
TSN,55709999104.0,2026-06-09 13:41:06.766761
CHTR,54635999232.0,2026-06-08 04:04:42.960559
INGM,54238400512.0,2026-06-08 14:44:06.982061
BHP,53987999744.0,2026-06-08 04:04:42.960559
GD,53808001024.0,2026-06-08 04:04:44.068028
INTC,53762998272.0,2026-06-08 14:44:06.982061
UBER,53687001088.0,2026-06-09 13:41:06.766761
EPD,51564998656.0,2026-06-08 04:04:42.141673
UBS,51311001600.0,2026-06-09 13:41:06.766761
KO,49284001792.0,2026-06-08 14:44:06.982061
TRV,48941998080.0,2026-06-09 13:41:06.766761
BMY,48482000896.0,2026-06-08 04:04:42.960559
GE,48312999936.0,2026-06-08 04:04:44.068028
DE,47337000960.0,2026-06-08 04:04:42.141673
NFLX,46889992192.0,2026-06-08 14:44:10.506241
NKE,46522998784.0,2026-06-08 14:44:10.506241
PAGP,45255000064.0,2026-06-08 14:44:09.894286
PAA,45255000064.0,2026-06-08 14:44:09.894286
TMO,45197000704.0,2026-06-09 13:41:06.766761
ABT,45134000128.0,2026-06-08 04:04:53.658464
QCOM,44486000640.0,2026-06-08 14:44:09.894286
MOH,43095998464.0,2026-06-08 14:44:10.506241
DG,43075354624.0,2026-06-08 04:04:42.141673
V,43027001344.0,2026-06-09 13:41:06.766761
CRM,42829000704.0,2026-06-08 04:04:42.141673
NOC,42367000576.0,2026-06-08 14:44:10.506241
MGA,42322001920.0,2026-06-08 14:44:10.506241
CBRE,42202001408.0,2026-06-08 04:04:42.960559
BBY,41860001792.0,2026-06-08 04:04:53.658464
PM,41493000192.0,2026-06-08 14:44:09.894286
USFD,39682998272.0,2026-06-09 13:41:06.766761
GEV,39374999552.0,2026-06-08 04:04:44.068028
DOW,39331000320.0,2026-06-08 04:04:42.141673
MDLZ,39303999488.0,2026-06-08 14:44:10.506241
HPE,38793998336.0,2026-06-08 04:04:44.068028
SBUX,38471598080.0,2026-06-08 14:44:07.369559
CRH,38060998656.0,2026-06-08 04:04:42.141673
LAD,37728002048.0,2026-06-08 14:44:06.982061
HON,37660000256.0,2026-06-08 04:04:44.068028
AMD,37454000128.0,2026-06-08 04:04:53.658464
AMGN,37219999744.0,2026-06-08 04:04:53.658464
WBD,37210001408.0,2026-06-09 13:41:06.766761
WKC,37149097984.0,2026-06-09 13:41:06.766761
MDT,36364001280.0,2026-06-08 14:44:10.506241
COF,36310999040.0,2026-06-08 04:04:42.141673
SLB,35939000320.0,2026-06-08 14:44:07.369559
CHSCN,35590201344.0,2026-06-08 04:04:42.960559
CHSCP,35590201344.0,2026-06-08 04:04:42.960559
CHSCO,35590201344.0,2026-06-08 04:04:42.960559
CHSCL,35590201344.0,2026-06-08 04:04:42.960559
CHSCM,35590201344.0,2026-06-08 04:04:42.960559
OKE,35204001792.0,2026-06-08 14:44:09.894286
CPNG,35129999360.0,2026-06-08 04:04:42.141673
LIN,34654998528.0,2026-06-08 14:44:06.982061
NUE,34160001024.0,2026-06-08 14:44:10.506241
MA,33938999296.0,2026-06-08 14:44:10.506241
CMI,33894000640.0,2026-06-08 04:04:42.960559
PYPL,33734000640.0,2026-06-08 14:44:09.894286
SMCI,33700206592.0,2026-06-08 14:44:07.369559
ARW,33512466432.0,2026-06-08 04:04:53.658464
DHI,33348399104.0,2026-06-08 04:04:42.141673
LEN,33174865920.0,2026-06-08 14:44:06.982061
LEN-B,33174865920.0,2026-06-08 14:44:06.982061
DUK,32718999552.0,2026-06-08 04:04:42.141673
JBL,32667000832.0,2026-06-08 14:44:06.982061
NRG,32384000000.0,2026-06-08 14:44:10.506241
MELI,31803000832.0,2026-06-08 14:44:10.506241
PAG,31718299648.0,2026-06-08 14:44:09.894286
UNFI,31541999616.0,2026-06-09 13:41:06.766761
APO,31286999040.0,2026-06-08 04:04:53.658464
SW,31235000320.0,2026-06-09 13:41:06.766761
FERG,31058200576.0,2026-06-08 04:04:44.068028
SUN,30712000512.0,2026-06-08 14:44:07.369559
SUNC,30712000512.0,2026-06-08 14:44:07.369559
SOMN,30175000576.0,2026-06-08 14:44:07.369559
SO,30175000576.0,2026-06-08 14:44:07.369559
PBF,30170200064.0,2026-06-08 14:44:09.894286
PWR,30121150464.0,2026-06-08 14:44:09.894286
CEG,29866999808.0,2026-06-08 04:04:42.960559
GILD,29735999488.0,2026-06-08 04:04:44.068028
LYB,29673000960.0,2026-06-08 14:44:10.506241
MDLN,29140000768.0,2026-06-08 14:44:10.506241
PSKY,29045999616.0,2026-06-08 14:44:09.894286
AMAT,29024000000.0,2026-06-08 04:04:53.658464
LUV,28884000768.0,2026-06-08 14:44:10.506241
HIG,28790999040.0,2026-06-08 04:04:44.068028
ETN,28522000384.0,2026-06-08 04:04:42.141673
FLEX,27914000384.0,2026-06-08 04:04:44.068028
BKR,27893000192.0,2026-06-08 04:04:42.960559
NEE,27865999360.0,2026-06-08 14:44:10.506241
PCAR,27779600384.0,2026-06-08 14:44:09.894286
KMX,27755030528.0,2026-06-08 14:44:06.982061
BKNG,27687000064.0,2026-06-08 04:04:42.960559
DINO,27622000640.0,2026-06-08 04:04:42.141673
MRSH,27516999680.0,2026-06-08 14:44:10.506241
AN,27493099520.0,2026-06-08 04:04:53.658464
MCD,27445999616.0,2026-06-08 14:44:10.506241
BBUC,27143999488.0,2026-06-08 04:04:53.658464
CCL,26976999424.0,2026-06-08 04:04:42.960559
NTR,26876999680.0,2026-06-08 14:44:10.506241
JLL,26755700736.0,2026-06-08 14:44:06.982061
AIG,26701000704.0,2026-06-08 04:04:53.658464
USB,26646999040.0,2026-06-09 13:41:06.766761
FCX,26421000192.0,2026-06-08 04:04:44.068028
APH,25903800320.0,2026-06-08 04:04:53.658464
PCG,25833000960.0,2026-06-08 14:44:09.894286
BLK,25638000640.0,2026-06-08 04:04:42.960559
LYV,25612318720.0,2026-06-08 14:44:10.506241
WM,25412999168.0,2026-06-09 13:41:06.020266
KKR,25354442752.0,2026-06-08 14:44:06.982061
SYK,25269999616.0,2026-06-09 13:41:06.766761
SE,25194858496.0,2026-06-08 14:44:07.369559
MMM,25024000000.0,2026-06-08 14:44:10.506241
KHC,24989999104.0,2026-06-08 14:44:06.982061
NEM,24966000640.0,2026-06-08 14:44:10.506241
AVT,24955101184.0,2026-06-08 04:04:53.658464
RZB,24931999744.0,2026-06-08 14:44:07.369559
RGA,24931999744.0,2026-06-08 14:44:07.369559
SCHW,24803999744.0,2026-06-08 14:44:07.369559
EXC,24785999872.0,2026-06-08 04:04:42.141673
DHR,24778000384.0,2026-06-08 04:04:42.141673
UNP,24700000256.0,2026-06-09 13:41:06.766761
GPC,24699011072.0,2026-06-08 04:04:44.068028
XYZ,24478734336.0,2026-06-09 13:41:06.020266
ADBE,24452999168.0,2026-06-08 04:04:53.658464
JCI,24433000448.0,2026-06-08 14:44:06.982061
IP,24341000192.0,2026-06-08 14:44:06.982061
WCC,24247300096.0,2026-06-09 13:41:06.766761
BIP,24009000960.0,2026-06-08 04:04:42.960559
SHW,23935500288.0,2026-06-08 14:44:07.369559
ROST,23776063488.0,2026-06-08 14:44:07.369559
EOG,23569999872.0,2026-06-08 04:04:42.141673
LEA,23521599488.0,2026-06-08 14:44:06.982061
PNC,23042000896.0,2026-06-08 14:44:09.894286
GOLD,23020443648.0,2026-06-08 04:04:44.068028
CDW,22904799232.0,2026-06-08 04:04:42.960559
M,22720000000.0,2026-06-08 14:44:10.506241
CVNA,22521999360.0,2026-06-08 04:04:42.141673
GPI,22473199616.0,2026-06-08 04:04:44.068028
AEP,22432999424.0,2026-06-08 04:04:53.658464
BDX,22226999296.0,2026-06-08 04:04:42.960559
AMCR,22190000128.0,2026-06-08 04:04:53.658464
HAL,22168999936.0,2026-06-08 04:04:44.068028
BJ,21965291520.0,2026-06-08 04:04:42.960559
CARR,21870000128.0,2026-06-08 04:04:42.960559
LRCX,21681844224.0,2026-06-08 14:44:10.506241
TT,21602799616.0,2026-06-09 13:41:06.766761
ADP,21600399360.0,2026-06-08 04:04:53.658464
THC,21454999552.0,2026-06-09 13:41:06.766761
CTSH,21405999104.0,2026-06-08 04:04:42.141673
OXY,21119000576.0,2026-06-08 14:44:09.894286
PH,20987000832.0,2026-06-08 14:44:09.894286
GEHC,20978999296.0,2026-06-08 04:04:44.068028
INTU,20924999680.0,2026-06-08 14:44:06.982061
CL,20795000832.0,2026-06-08 04:04:42.960559
LNG,20770000896.0,2026-06-08 14:44:06.982061
BNY,20753999872.0,2026-06-08 04:04:42.960559
APTV,20658999296.0,2026-06-08 04:04:53.658464
BSX,20614000640.0,2026-06-08 04:04:42.960559
MO,20377999360.0,2026-06-08 14:44:10.506241
INFY,20157999104.0,2026-06-08 14:44:06.982061
AZO,19986403328.0,2026-06-08 04:04:53.658464
OMC,19824400384.0,2026-06-08 14:44:09.894286
DEO,19804000256.0,2026-06-08 04:04:42.141673
ACGLO,19776999424.0,2026-06-08 04:04:53.658464
ACGLN,19776999424.0,2026-06-08 04:04:53.658464
ACGL,19776999424.0,2026-06-08 04:04:53.658464
DLTR,19747899392.0,2026-06-08 04:04:42.141673
EIX,19608999936.0,2026-06-08 04:04:42.141673
VST,19445000192.0,2026-06-09 13:41:06.766761
ARMK,19413805056.0,2026-06-08 04:04:53.658464
AMP,19316000768.0,2026-06-08 04:04:53.658464
GLP,19291023360.0,2026-06-08 04:04:44.068028
DKS,19204947968.0,2026-06-08 04:04:42.141673
B,19043999744.0,2026-06-08 04:04:53.658464
STLD,19012243456.0,2026-06-08 14:44:07.369559
CLF,18902999040.0,2026-06-08 04:04:42.960559
LNC,18830000128.0,2026-06-08 14:44:06.982061
TEL,18695999488.0,2026-06-09 13:41:06.766761
CRBG,18694000640.0,2026-06-08 04:04:42.141673
TFC,18656999424.0,2026-06-09 13:41:06.766761
PPC,18567176192.0,2026-06-08 14:44:09.894286
L,18514999296.0,2026-06-08 14:44:06.982061
TXN,18438000640.0,2026-06-09 13:41:06.766761
RCL,18388000768.0,2026-06-08 14:44:07.369559
GWW,18378000384.0,2026-06-08 04:04:44.068028
MAN,18377199616.0,2026-06-08 14:44:10.506241
GIS,18371198976.0,2026-06-08 04:04:44.068028
EMR,18315999232.0,2026-06-08 04:04:42.141673
ORLY,18205607936.0,2026-06-08 14:44:09.894286
BTGO,18151030784.0,2026-06-08 04:04:42.960559
AFL,18112000000.0,2026-06-08 04:04:53.658464
CNH,18093000704.0,2026-06-08 04:04:42.960559
ABG,17963499520.0,2026-06-08 04:04:53.658464
GT,17908000768.0,2026-06-08 04:04:44.068028
CTVA,17888999424.0,2026-06-08 04:04:42.141673
LPLA,17840070656.0,2026-06-08 14:44:10.506241
UHS,17760290816.0,2026-06-09 13:41:06.766761
EME,17747283968.0,2026-06-08 04:04:42.141673
MGM,17715318784.0,2026-06-08 14:44:10.506241
KMI,17524000768.0,2026-06-08 14:44:06.982061
AON,17486000128.0,2026-06-08 04:04:53.658464
D,17449000960.0,2026-06-08 04:04:42.141673
TEVA,17348999168.0,2026-06-09 13:41:06.766761
EG,17336999936.0,2026-06-08 04:04:42.141673
LDOS,17329000448.0,2026-06-08 14:44:06.982061
MUSA,17298599936.0,2026-06-08 14:44:10.506241
ED,17215000576.0,2026-06-08 04:04:42.141673
FLUT,17022000128.0,2026-06-08 04:04:44.068028
CASY,16982079488.0,2026-06-08 04:04:42.960559
KDP,16944000000.0,2026-06-08 14:44:06.982061
PHM,16827875328.0,2026-06-08 14:44:09.894286
RSG,16695000064.0,2026-06-08 14:44:07.369559
IQV,16632000512.0,2026-06-08 14:44:06.982061
TRGP,16561500160.0,2026-06-09 13:41:06.766761
KMB,16556000256.0,2026-06-08 14:44:06.982061
CX,16536876032.0,2026-06-08 04:04:42.141673
DTE,16515000320.0,2026-06-08 04:04:42.141673
ECL,16452299776.0,2026-06-08 04:04:42.141673
URI,16364999680.0,2026-06-09 13:41:06.766761
GLW,16321000448.0,2026-06-08 04:04:44.068028
ITW,16220999680.0,2026-06-08 14:44:06.982061
FOX,16200999936.0,2026-06-08 04:04:44.068028
FOXA,16200999936.0,2026-06-08 04:04:44.068028
CHRW,16198957056.0,2026-06-08 04:04:42.960559
PPG,16120999936.0,2026-06-08 14:44:09.894286
MKL,16013251584.0,2026-06-08 14:44:10.506241
DVN,16003000320.0,2026-06-08 04:04:42.141673
ACM,15985833984.0,2026-06-08 04:04:53.658464
SPGI,15729999872.0,2026-06-08 14:44:07.369559
TSCO,15649139712.0,2026-06-09 13:41:06.766761
TX,15610249216.0,2026-06-09 13:41:06.766761
SFD,15559999488.0,2026-06-08 14:44:07.369559
VG,15473999872.0,2026-06-09 13:41:06.766761
KSS,15461000192.0,2026-06-08 14:44:06.982061
PFG,15458700288.0,2026-06-08 14:44:09.894286
GAP,15399999488.0,2026-06-08 04:04:44.068028
CNA,15352999936.0,2026-06-08 04:04:42.960559
FE,15338000384.0,2026-06-08 04:04:44.068028
KVUE,15292000256.0,2026-06-08 14:44:06.982061
MTZ,15280253952.0,2026-06-08 14:44:10.506241
SWK,15232199680.0,2026-06-09 13:41:06.766761
SAH,15190800384.0,2026-06-08 14:44:07.369559
TXT,15187999744.0,2026-06-09 13:41:06.766761
FLR,15184000000.0,2026-06-08 04:04:44.068028
WHR,15175999488.0,2026-06-09 13:41:06.766761
EXPE,15171000320.0,2026-06-08 04:04:42.141673
KD,15091999744.0,2026-06-08 14:44:06.982061
LTM,14997194752.0,2026-06-08 14:44:10.506241
FNF,14963999744.0,2026-06-08 04:04:44.068028
ADNT,14938000384.0,2026-06-08 04:04:53.658464
REGN,14919600128.0,2026-06-08 14:44:07.369559
WRB,14850791424.0,2026-06-09 13:41:06.020266
RS,14835600384.0,2026-06-08 14:44:07.369559
EL,14833000448.0,2026-06-08 04:04:42.141673
BLDR,14820218880.0,2026-06-08 04:04:42.960559
SATS,14802719744.0,2026-06-08 14:44:07.369559
XELLL,14784000000.0,2026-06-09 13:41:06.020266
XEL,14784000000.0,2026-06-09 13:41:06.020266
RJF,14723000320.0,2026-06-08 14:44:07.369559
DASH,14721000448.0,2026-06-08 04:04:42.141673
OTIS,14647000064.0,2026-06-08 14:44:09.894286
VTRS,14562599936.0,2026-06-09 13:41:06.766761
SCCO,14549499904.0,2026-06-08 14:44:07.369559
FANG,14458999808.0,2026-06-08 04:04:44.068028
PUK,14426999808.0,2026-06-08 14:44:09.894286
ALK,14401999872.0,2026-06-08 04:04:53.658464
BX,14397440000.0,2026-06-08 04:04:42.960559
STT,14392999936.0,2026-06-08 14:44:07.369559
BWA,14334000128.0,2026-06-08 04:04:42.960559
AMTM,14200999936.0,2026-06-08 04:04:53.658464
AJG,14197999616.0,2026-06-08 04:04:53.658464
CSX,14151000064.0,2026-06-08 04:04:42.141673
LH,14144199680.0,2026-06-08 14:44:06.982061
NOW,13959999488.0,2026-06-08 14:44:10.506241
ES,13933251584.0,2026-06-08 04:04:42.141673
DVA,13835087872.0,2026-06-08 04:04:42.141673
TVC,13800999936.0,2026-06-09 13:41:06.766761
LKQ,13793000448.0,2026-06-08 14:44:06.982061
CLS,13789299712.0,2026-06-08 04:04:42.960559
LVS,13740000256.0,2026-06-08 14:44:10.506241
BALL,13667000320.0,2026-06-08 04:04:53.658464
BTSG,13646155776.0,2026-06-08 04:04:42.960559
BTSGU,13646155776.0,2026-06-08 04:04:42.960559
SRE,13555000320.0,2026-06-08 14:44:07.369559
AEM,13539191808.0,2026-06-08 04:04:53.658464
GXO,13498999808.0,2026-06-08 04:04:44.068028
HSIC,13383999488.0,2026-06-08 14:44:06.982061
UNM,13339100160.0,2026-06-09 13:41:06.766761
OSCR,13302358016.0,2026-06-08 14:44:09.894286
ETR,13287438336.0,2026-06-08 04:04:42.141673
SNDK,13184000000.0,2026-06-08 14:44:07.369559
J,13174574080.0,2026-06-08 14:44:06.982061
AIZ,13160399872.0,2026-06-08 04:04:53.658464
KLAC,13096660992.0,2026-06-08 14:44:06.982061
WDS,12984000512.0,2026-06-09 13:41:06.766761
EXE,12956000256.0,2026-06-08 04:04:42.141673
CINF,12928000000.0,2026-06-08 04:04:42.960559
LHX,12856000512.0,2026-06-08 14:44:06.982061
HII,12849000448.0,2026-06-08 04:04:44.068028
PEG,12794000384.0,2026-06-08 14:44:09.894286
VFC,12784847872.0,2026-06-09 13:41:06.766761
DRI,12763799552.0,2026-06-08 04:04:42.141673
ADI,12740193280.0,2026-06-08 04:04:53.658464
CCK,12737000448.0,2026-06-08 04:04:42.960559
ULTA,12708310016.0,2026-06-09 13:41:06.766761
R,12659999744.0,2026-06-08 14:44:09.894286
W,12657999872.0,2026-06-09 13:41:06.766761
AA,12654999552.0,2026-06-08 04:04:53.658464
ABNB,12647000064.0,2026-06-08 04:04:53.658464
DXC,12643999744.0,2026-06-08 04:04:42.141673
NXPI,12615000064.0,2026-06-08 14:44:09.894286
CHWY,12601499648.0,2026-06-08 04:04:42.960559
AES,12487000064.0,2026-06-08 04:04:53.658464
APD,12463899648.0,2026-06-08 04:04:53.658464
MOS,12429500416.0,2026-06-08 14:44:10.506241
STM,12378000384.0,2026-06-08 14:44:07.369559
ETOR,12376691712.0,2026-06-08 04:04:42.141673
SHOP,12366000128.0,2026-06-08 14:44:07.369559
CYH,12291000320.0,2026-06-08 04:04:42.141673
HRL,12218454016.0,2026-06-08 04:04:44.068028
VRTX,12218000384.0,2026-06-09 13:41:06.766761
NSC,12184999936.0,2026-06-08 14:44:10.506241
TS,12159403008.0,2026-06-09 13:41:06.766761
CMG,12138590208.0,2026-06-08 04:04:42.960559
JBHT,12134195200.0,2026-06-08 14:44:06.982061
LUMN,12119000064.0,2026-06-08 14:44:10.506241
WMB,12108999680.0,2026-06-09 13:41:06.020266
YUMC,12087000064.0,2026-06-09 13:41:06.020266
HSY,11991323648.0,2026-06-08 14:44:06.982061
AMRZ,11911999488.0,2026-06-08 04:04:53.658464
BURL,11911286784.0,2026-06-08 04:04:42.960559
MSI,11868000256.0,2026-06-08 14:44:10.506241
WDC,11777000448.0,2026-06-09 13:41:06.766761
WELL,11766873088.0,2026-06-09 13:41:06.766761
CAR,11751999488.0,2026-06-08 04:04:42.960559
MPLX,11735000064.0,2026-06-08 14:44:10.506241
EBAY,11603999744.0,2026-06-08 04:04:42.141673
RNR,11587696640.0,2026-06-08 14:44:07.369559
CZR,11562000384.0,2026-06-08 04:04:42.141673
WAB,11507000320.0,2026-06-09 13:41:06.766761
FIS,11440000000.0,2026-06-08 04:04:44.068028
CQP,11368999936.0,2026-06-08 04:04:42.141673
SANM,11340917760.0,2026-06-08 14:44:07.369559
EQH,11324000256.0,2026-06-08 04:04:42.141673
BAX,11320000512.0,2026-06-08 04:04:53.658464
DGX,11278000128.0,2026-06-08 04:04:42.141673
BAH,11217000448.0,2026-06-08 04:04:53.658464
LULU,11203543040.0,2026-06-08 14:44:10.506241
TAP-A,11187800064.0,2026-06-09 13:41:06.766761
TAP,11187800064.0,2026-06-09 13:41:06.766761
EXPD,11185552384.0,2026-06-08 04:04:42.141673
CAG,11181299712.0,2026-06-08 04:04:42.960559
AU,11166000128.0,2026-06-08 04:04:53.658464
TOL,11045371904.0,2026-06-09 13:41:06.766761
CTAS,11027210240.0,2026-06-08 04:04:42.141673
STX,11009999872.0,2026-06-08 14:44:07.369559
ALV,10990000128.0,2026-06-08 04:04:53.658464
MHK,10988300288.0,2026-06-08 14:44:10.506241
ANDE,10977095680.0,2026-06-08 04:04:53.658464
WLK,10976000000.0,2026-06-09 13:41:06.020266
SUNB,10929699840.0,2026-06-08 14:44:07.369559
VRT,10843400192.0,2026-06-09 13:41:06.766761
AMT,10819300352.0,2026-06-08 04:04:53.658464
IFF,10787999744.0,2026-06-08 14:44:06.982061
DK,10734100480.0,2026-06-08 04:04:42.141673
BNT,10673000448.0,2026-06-08 04:04:42.960559
ALC,10634000384.0,2026-06-08 04:04:53.658464
PANW,10606499840.0,2026-06-08 14:44:09.894286
ISRG,10582099968.0,2026-06-08 14:44:06.982061
CWK,10539400192.0,2026-06-08 04:04:42.141673
BHC,10531000320.0,2026-06-08 04:04:42.960559
ICE,10435000320.0,2026-06-08 14:44:06.982061
OSK,10427299840.0,2026-06-08 14:44:09.894286
AGCO,10374400000.0,2026-06-08 04:04:53.658464
FTI,10191699968.0,2026-06-08 04:04:44.068028
FIX,10135687168.0,2026-06-08 04:04:44.068028
WEC,10084800512.0,2026-06-09 13:41:06.766761
CPB,10037000192.0,2026-06-08 04:04:42.141673
NCLH,10031259648.0,2026-06-08 14:44:10.506241
CNXC,9953940480.0,2026-06-08 04:04:42.960559
BIIB,9937399808.0,2026-06-08 04:04:42.960559
NVR,9917295616.0,2026-06-08 14:44:09.894286
WTW,9896999936.0,2026-06-09 13:41:06.020266
SYF,9891999744.0,2026-06-09 13:41:06.766761
WDAY,9854000128.0,2026-06-09 13:41:06.766761
OC,9838000128.0,2026-06-08 14:44:09.894286
SEB,9829999616.0,2026-06-08 14:44:07.369559
THO,9820300288.0,2026-06-09 13:41:06.766761
IEP,9779000320.0,2026-06-08 14:44:06.982061
ANET,9709899776.0,2026-06-08 04:04:53.658464
WCN,9609369600.0,2026-06-09 13:41:06.766761
QSR,9589000192.0,2026-06-08 14:44:09.894286
ZTS,9530999808.0,2026-06-09 13:41:06.020266
EQIX,9525999616.0,2026-06-08 04:04:42.141673
TDG,9502999552.0,2026-06-09 13:41:06.766761
CE,9491999744.0,2026-06-08 04:04:42.960559
ORI,9421500416.0,2026-06-08 14:44:09.894286
DOLE,9415677952.0,2026-06-08 04:04:42.141673
CNP,9411999744.0,2026-06-08 04:04:42.960559
PLD,9376112640.0,2026-06-08 14:44:09.894286
EQT,9364126720.0,2026-06-08 04:04:42.141673
PPL,9312000000.0,2026-06-08 14:44:09.894286
PPLC,9312000000.0,2026-06-08 14:44:09.894286
MTB,9310000128.0,2026-06-08 14:44:10.506241
PKG,9216100352.0,2026-06-08 14:44:09.894286
CACI,9162865664.0,2026-06-08 04:04:42.960559
JBLU,9162000384.0,2026-06-08 14:44:06.982061
FCNCP,9141000192.0,2026-06-08 04:04:44.068028
FCNCO,9141000192.0,2026-06-08 04:04:44.068028
FCNCA,9141000192.0,2026-06-08 04:04:44.068028
STZ,9139000320.0,2026-06-08 14:44:07.369559
XYL,9091000320.0,2026-06-09 13:41:06.020266
ABM,9052800000.0,2026-06-08 04:04:53.658464
BEN,9029699584.0,2026-06-08 04:04:42.960559
VGNT,9006000128.0,2026-06-09 13:41:06.766761
AVY,9005700096.0,2026-06-08 04:04:53.658464
FITBO,8999999488.0,2026-06-08 04:04:44.068028
FITBP,8999999488.0,2026-06-08 04:04:44.068028
FITBM,8999999488.0,2026-06-08 04:04:44.068028
FITB,8999999488.0,2026-06-08 04:04:44.068028
PVH,8991699968.0,2026-06-08 14:44:09.894286
CSTM,8931000320.0,2026-06-08 04:04:42.141673
SJM,8926600192.0,2026-06-08 14:44:07.369559
RKT,8910999552.0,2026-06-08 14:44:07.369559
SFM,8898902016.0,2026-06-08 14:44:07.369559
OVV,8865000448.0,2026-06-08 14:44:09.894286
GPN,8855241728.0,2026-06-08 04:04:44.068028
CMS,8821999616.0,2026-06-08 04:04:42.960559
ROK,8803999744.0,2026-06-08 14:44:07.369559
NWS,8800000000.0,2026-06-08 14:44:09.894286
NWSA,8800000000.0,2026-06-08 14:44:09.894286
MNST,8793075712.0,2026-06-08 14:44:10.506241
GFI,8751299584.0,2026-06-08 04:04:44.068028
MRVL,8717100032.0,2026-06-08 14:44:10.506241
HTZWW,8695000064.0,2026-06-08 14:44:06.982061
HTZ,8695000064.0,2026-06-08 14:44:06.982061
NOV,8693000192.0,2026-06-08 14:44:10.506241
FDXF,8684000256.0,2026-06-08 04:04:44.068028
AER,8681363456.0,2026-06-08 04:04:53.658464
SNPS,8679379968.0,2026-06-08 14:44:07.369559
GPK,8652999680.0,2026-06-08 04:04:44.068028
EMN,8638999552.0,2026-06-08 04:04:42.141673
AAP,8632000512.0,2026-06-08 04:04:53.658464
HWM,8622999552.0,2026-06-08 14:44:06.982061
SIRI,8581000192.0,2026-06-08 14:44:07.369559
QXO,8558900224.0,2026-06-08 14:44:09.894286
AEE,8544999936.0,2026-06-08 04:04:53.658464
OPTU,8503553024.0,2026-06-08 14:44:09.894286
YUM,8486000128.0,2026-06-09 13:41:06.020266
POST,8448799744.0,2026-06-08 14:44:09.894286
FAST,8442800128.0,2026-06-08 04:04:44.068028
ZBH,8409099776.0,2026-06-09 13:41:06.020266
CMC,8386826752.0,2026-06-08 04:04:42.960559
APA,8370999808.0,2026-06-08 04:04:53.658464
NTRS,8363500032.0,2026-06-08 14:44:10.506241
NTRSO,8363500032.0,2026-06-08 14:44:10.506241
COMP,8309600256.0,2026-06-08 04:04:42.141673
XPO,8298999808.0,2026-06-09 13:41:06.020266
HBANM,8297999872.0,2026-06-08 04:04:44.068028
HBANZ,8297999872.0,2026-06-08 04:04:44.068028
HBANP,8297999872.0,2026-06-08 04:04:44.068028
HBANL,8297999872.0,2026-06-08 04:04:44.068028
HBAN,8297999872.0,2026-06-08 04:04:44.068028
DOV,8280135168.0,2026-06-08 04:04:42.141673
NSIT,8271609856.0,2026-06-08 14:44:10.506241
SOLV,8262000128.0,2026-06-08 14:44:07.369559
ICLR,8251339776.0,2026-06-08 14:44:06.982061
VOYA,8250999808.0,2026-06-09 13:41:06.766761
ESLT,8231671808.0,2026-06-08 04:04:42.141673
APG,8174000128.0,2026-06-08 04:04:53.658464
FITBI,8126000128.0,2026-06-08 04:04:44.068028
ROP,8114999808.0,2026-06-08 14:44:07.369559
RL,8114500096.0,2026-06-08 14:44:07.369559
VMC,8062400000.0,2026-06-09 13:41:06.766761
KGC,7961299968.0,2026-06-08 14:44:06.982061
AFG,7946999808.0,2026-06-08 04:04:53.658464
CFG,7885000192.0,2026-06-08 04:04:42.960559
WSM,7882159104.0,2026-06-09 13:41:06.020266
MCO,7872999936.0,2026-06-08 14:44:10.506241
TFII,7869386752.0,2026-06-09 13:41:06.766761
TPR,7850800128.0,2026-06-09 13:41:06.766761
IR,7781300224.0,2026-06-08 14:44:06.982061
RPM,7713562112.0,2026-06-08 14:44:07.369559
FAF,7707899904.0,2026-06-08 04:04:44.068028
KBR,7690999808.0,2026-06-08 14:44:06.982061
ALLY,7687000064.0,2026-06-08 04:04:53.658464
MAS,7679000064.0,2026-06-08 14:44:10.506241
SGI,7673299968.0,2026-06-08 14:44:07.369559
TRI,7663000064.0,2026-06-09 13:41:06.766761
CNM,7647000064.0,2026-06-08 04:04:42.960559
REZI,7614000128.0,2026-06-08 14:44:07.369559
TMHC,7612553216.0,2026-06-09 13:41:06.766761
AME,7597581824.0,2026-06-08 04:04:53.658464
BPYPP,7594999808.0,2026-06-08 04:04:42.960559
BPYPO,7594999808.0,2026-06-08 04:04:42.960559
BPYPN,7594999808.0,2026-06-08 04:04:42.960559
NU,7594012160.0,2026-06-08 14:44:10.506241
DAN,7586999808.0,2026-06-08 04:04:42.141673
PARR,7543364096.0,2026-06-08 14:44:09.894286
EA,7530999808.0,2026-06-08 04:04:42.141673
ADSK,7506999808.0,2026-06-08 04:04:53.658464
CVI,7496000000.0,2026-06-08 04:04:42.141673
KNX,7495549952.0,2026-06-08 14:44:06.982061
COKE,7494746112.0,2026-06-08 04:04:42.141673
PRIM,7486700032.0,2026-06-08 14:44:09.894286
SON,7485966848.0,2026-06-08 14:44:07.369559
GRMN,7463908864.0,2026-06-08 04:04:44.068028
XRXDW,7410999808.0,2026-06-09 13:41:06.020266
XRX,7410999808.0,2026-06-09 13:41:06.020266
ICL,7408999936.0,2026-06-08 14:44:06.982061
TROW,7407900160.0,2026-06-09 13:41:06.766761
CF,7407000064.0,2026-06-08 04:04:42.960559
UGI,7359000064.0,2026-06-09 13:41:06.766761
PII,7353200128.0,2026-06-08 14:44:09.894286
BR,7322299904.0,2026-06-08 04:04:42.960559
WYNN,7294288896.0,2026-06-09 13:41:06.020266
GNW,7292000256.0,2026-06-08 04:04:44.068028
SAIC,7290999808.0,2026-06-08 14:44:07.369559
RUSHB,7267550208.0,2026-06-08 14:44:07.369559
RUSHA,7267550208.0,2026-06-08 14:44:07.369559
IRM,7245357056.0,2026-06-08 14:44:06.982061
BBWI,7245000192.0,2026-06-08 04:04:53.658464
WSO,7241213952.0,2026-06-09 13:41:06.020266
WSO-B,7241213952.0,2026-06-09 13:41:06.020266
A,7232000000.0,2026-06-08 04:04:53.658464
KEY,7200999936.0,2026-06-08 14:44:06.982061
INGR,7198000128.0,2026-06-08 14:44:06.982061
NWL,7186999808.0,2026-06-08 14:44:09.894286
MAR,7184000000.0,2026-06-08 14:44:10.506241
RF,7177999872.0,2026-06-08 14:44:07.369559
WMG,7128999936.0,2026-06-09 13:41:06.020266
FTNT,7109499904.0,2026-06-08 04:04:44.068028
MKC,7108700160.0,2026-06-08 14:44:10.506241
MKC-V,7108700160.0,2026-06-08 14:44:10.506241
AMKR,7071107072.0,2026-06-08 04:04:53.658464
PENN,7067599872.0,2026-06-08 14:44:09.894286
AS,7039200256.0,2026-06-08 04:04:53.658464
NTAP,6925000192.0,2026-06-08 14:44:10.506241
DD,6918000128.0,2026-06-08 04:04:42.141673
RTO,6908000256.0,2026-06-08 14:44:07.369559
WY,6869000192.0,2026-06-09 13:41:06.020266
NSP,6844000256.0,2026-06-08 14:44:10.506241
GFS,6840000000.0,2026-06-08 04:04:44.068028
SIG,6825600000.0,2026-06-08 14:44:07.369559
NI,6822099968.0,2026-06-08 14:44:10.506241
DCH,6804299776.0,2026-06-08 04:04:42.141673
CLX,6760000000.0,2026-06-08 04:04:42.960559
VSXY,6760000000.0,2026-06-09 13:41:06.766761
CME,6743600128.0,2026-06-08 04:04:42.960559
OLN,6719600128.0,2026-06-08 14:44:09.894286
THG,6692599808.0,2026-06-09 13:41:06.766761
AXS,6685202944.0,2026-06-08 04:04:53.658464
PRMB,6676400128.0,2026-06-08 14:44:09.894286
VSNT,6669000192.0,2026-06-09 13:41:06.766761
VIK,6658103808.0,2026-06-09 13:41:06.766761
TTWO,6656399872.0,2026-06-09 13:41:06.766761
SPG,6648586240.0,2026-06-08 14:44:07.369559
DDS,6604985856.0,2026-06-08 04:04:42.141673
COHR,6602083840.0,2026-06-08 04:04:42.141673
IVZ,6592399872.0,2026-06-08 14:44:06.982061
SN,6589356032.0,2026-06-08 14:44:07.369559
SLGN,6577762816.0,2026-06-08 14:44:07.369559
AVTR,6552200192.0,2026-06-08 04:04:53.658464
LW,6518000128.0,2026-06-08 14:44:10.506241
LYFT,6516577792.0,2026-06-08 14:44:10.506241
LEVI,6497699840.0,2026-06-08 14:44:06.982061
ARKO,6487640064.0,2026-06-08 04:04:53.658464
IT,6474137088.0,2026-06-08 14:44:06.982061
TOST,6446000128.0,2026-06-09 13:41:06.766761
IBKR,6445000192.0,2026-06-08 14:44:06.982061
TIGO,6435999744.0,2026-06-09 13:41:06.766761
ARDT,6428975104.0,2026-06-08 04:04:53.658464
SSNC,6405400064.0,2026-06-08 14:44:07.369559
OI,6399000064.0,2026-06-08 14:44:09.894286
BCC,6366714880.0,2026-06-08 04:04:42.960559
MLM,6350000128.0,2026-06-08 14:44:10.506241
BEP,6341000192.0,2026-06-08 04:04:42.960559
URBN,6317219840.0,2026-06-09 13:41:06.766761
DLR,6314048000.0,2026-06-08 04:04:42.141673
CWH,6310230016.0,2026-06-08 04:04:42.141673
DAR,6306103808.0,2026-06-08 04:04:42.141673
EW,6303499776.0,2026-06-08 04:04:42.141673
PSN,6301061120.0,2026-06-08 14:44:09.894286
ZIM,6294099968.0,2026-06-09 13:41:06.020266
DKNG,6291794944.0,2026-06-08 04:04:42.141673
COIN,6285964800.0,2026-06-08 04:04:42.141673
EFX,6281399808.0,2026-06-08 04:04:42.141673
BRO,6257999872.0,2026-06-08 04:04:42.960559
SARO,6253782016.0,2026-06-08 14:44:07.369559
DY,6252085760.0,2026-06-08 04:04:42.141673
CRWV,6226999808.0,2026-06-08 04:04:42.141673
TDY,6225600000.0,2026-06-09 13:41:06.766761
CHD,6205400064.0,2026-06-08 04:04:42.960559
TEAM,6190182912.0,2026-06-09 13:41:06.766761
UFPI,6186091008.0,2026-06-09 13:41:06.766761
HST,6176999936.0,2026-06-08 14:44:06.982061
APP,6164192256.0,2026-06-08 04:04:53.658464
SNN,6163999744.0,2026-06-08 14:44:07.369559
OGN,6162999808.0,2026-06-08 14:44:09.894286
MCY,6135697920.0,2026-06-08 14:44:10.506241
VTR,6112847872.0,2026-06-09 13:41:06.766761
SNAP,6097020928.0,2026-06-08 14:44:07.369559
BHFAP,6089999872.0,2026-06-08 04:04:42.960559
BHFAM,6089999872.0,2026-06-08 04:04:42.960559
BHFAO,6089999872.0,2026-06-08 04:04:42.960559
BHFAN,6089999872.0,2026-06-08 04:04:42.960559
BHF,6089999872.0,2026-06-08 04:04:42.960559
KEYS,6088000000.0,2026-06-08 14:44:06.982061
GL,6073515008.0,2026-06-08 04:04:44.068028
EHC,6066400256.0,2026-06-08 04:04:42.141673
TXRH,6063592960.0,2026-06-09 13:41:06.766761
ON,6063000064.0,2026-06-08 14:44:09.894286
CLH,6058423808.0,2026-06-08 04:04:42.960559
ASO,6053413888.0,2026-06-08 04:04:53.658464
UHAL-B,6037818880.0,2026-06-09 13:41:06.766761
UHAL,6037818880.0,2026-06-09 13:41:06.766761
EVRG,6030799872.0,2026-06-08 04:04:42.141673
FG,6009999872.0,2026-06-08 04:04:44.068028
HUBB,5996100096.0,2026-06-08 14:44:06.982061
RRX,5995500032.0,2026-06-08 14:44:07.369559
WOOF,5964800000.0,2026-06-09 13:41:06.020266
STE,5935900160.0,2026-06-08 14:44:07.369559
O,5929241088.0,2026-06-08 14:44:09.894286
TEX,5926000128.0,2026-06-09 13:41:06.766761
KBH,5921447936.0,2026-06-08 14:44:06.982061
JXN,5910000128.0,2026-06-08 14:44:06.982061
ARES,5909112832.0,2026-06-08 04:04:53.658464
CC,5821000192.0,2026-06-08 04:04:42.960559
AGL,5820254208.0,2026-06-08 04:04:53.658464
COTY,5789799936.0,2026-06-08 04:04:42.141673
ONC,5739191808.0,2026-06-08 14:44:09.894286
RXO,5734000128.0,2026-06-08 14:44:07.369559
EAT,5733499904.0,2026-06-08 04:04:42.141673
AMBP,5733000192.0,2026-06-08 04:04:53.658464
CIGI,5730763776.0,2026-06-08 04:04:42.960559
HUN,5693000192.0,2026-06-08 14:44:06.982061
TPC,5685863936.0,2026-06-09 13:41:06.766761
SNDR,5671000064.0,2026-06-08 14:44:07.369559
SF,5669719040.0,2026-06-08 14:44:07.369559
OPCH,5667201024.0,2026-06-08 14:44:09.894286
AEO,5652921856.0,2026-06-08 04:04:53.658464
AR,5625670144.0,2026-06-08 04:04:53.658464
BLD,5621667840.0,2026-06-08 04:04:42.960559
MTH,5616498176.0,2026-06-08 14:44:10.506241
CSIQ,5595106816.0,2026-06-08 04:04:42.141673
VLTO,5592999936.0,2026-06-09 13:41:06.766761
ZBRA,5583000064.0,2026-06-09 13:41:06.020266
APC,5578302976.0,2026-06-08 04:04:53.658464
CIEN,5569149952.0,2026-06-08 04:04:42.960559
FSV,5563761152.0,2026-06-08 04:04:44.068028
EPAM,5555424768.0,2026-06-08 04:04:42.141673
RMD,5537788928.0,2026-06-08 14:44:07.369559
CDNS,5528612864.0,2026-06-08 04:04:42.960559
RIVN,5528000000.0,2026-06-08 14:44:07.369559
PSMT,5526520832.0,2026-06-08 14:44:09.894286
SEM,5521134080.0,2026-06-08 14:44:07.369559
BC,5519099904.0,2026-06-08 04:04:53.658464
AERO,5518005760.0,2026-06-08 04:04:53.658464
ALB,5494582784.0,2026-06-08 04:04:53.658464
DECK,5472295936.0,2026-06-08 04:04:42.141673
PNW,5457255936.0,2026-06-08 14:44:09.894286
ODFL,5456226816.0,2026-06-08 14:44:09.894286
PACS,5432275968.0,2026-06-08 14:44:09.894286
FSLR,5419047936.0,2026-06-08 04:04:44.068028
NDAQ,5418999808.0,2026-06-08 14:44:10.506241
SIGIP,5410667008.0,2026-06-08 14:44:07.369559
SIGI,5410667008.0,2026-06-08 14:44:07.369559
JEF,5402596864.0,2026-06-08 14:44:06.982061
IMKTA,5395485696.0,2026-06-08 14:44:06.982061
BCO,5389599744.0,2026-06-08 04:04:42.960559
MAT,5383164928.0,2026-06-08 14:44:10.506241
EDU,5374917120.0,2026-06-08 04:04:42.141673
INCY,5361019904.0,2026-06-08 14:44:06.982061
LINE,5360000000.0,2026-06-08 14:44:06.982061
POOL,5355884032.0,2026-06-08 14:44:09.894286
WFG,5336999936.0,2026-06-09 13:41:06.766761
RHI,5326777856.0,2026-06-08 14:44:07.369559
MMS,5317828096.0,2026-06-08 14:44:10.506241
FUBO,5304069120.0,2026-06-08 04:04:44.068028
TWLO,5301663744.0,2026-06-09 13:41:06.766761
SQM,5299701760.0,2026-06-08 14:44:07.369559
MLCO,5297704960.0,2026-06-08 14:44:10.506241
RBLX,5297550848.0,2026-06-08 14:44:09.894286
ANF,5282802176.0,2026-06-08 04:04:53.658464
ENSG,5273995776.0,2026-06-08 04:04:42.141673
FLO,5273825792.0,2026-06-08 04:04:44.068028
LII,5257800192.0,2026-06-08 14:44:06.982061
PLTR,5224174080.0,2026-06-08 14:44:09.894286
SNA,5221199872.0,2026-06-08 14:44:07.369559
BLCO,5208000000.0,2026-06-08 04:04:42.960559
OTEX,5207911936.0,2026-06-08 14:44:09.894286
AWK,5205000192.0,2026-06-08 04:04:53.658464
IHG,5189000192.0,2026-06-08 14:44:06.982061
G,5161025024.0,2026-06-08 04:04:44.068028
ADT,5139644928.0,2026-06-08 04:04:53.658464
HLF,5133000192.0,2026-06-08 04:04:44.068028
NXST,5111000064.0,2026-06-08 14:44:09.894286
AXTA,5109000192.0,2026-06-08 04:04:53.658464
CRWD,5094199808.0,2026-06-08 04:04:42.141673
FIVE,5079221760.0,2026-06-08 04:04:44.068028
PR,5076905984.0,2026-06-08 14:44:09.894286
BAM,5073999872.0,2026-06-08 04:04:53.658464
HLT,5071000064.0,2026-06-08 04:04:44.068028
TKO,5063226880.0,2026-06-09 13:41:06.766761
SNOW,5032822784.0,2026-06-08 14:44:07.369559
AMC,5031799808.0,2026-06-08 04:04:53.658464
CHRD,5023764992.0,2026-06-08 04:04:42.960559
GDDY,5023699968.0,2026-06-08 04:04:44.068028
WMK,5012845056.0,2026-06-09 13:41:06.020266
RYZ,5002100224.0,2026-06-08 14:44:07.369559
GENVR,5000000000.0,2026-06-08 04:04:44.068028
GEN,5000000000.0,2026-06-08 04:04:44.068028
LBTYB,4981899776.0,2026-06-08 14:44:06.982061
LBTYA,4981899776.0,2026-06-08 14:44:06.982061
LBTYK,4981899776.0,2026-06-08 14:44:06.982061
GHC,4981640192.0,2026-06-08 04:04:44.068028
DPZ,4978531840.0,2026-06-08 04:04:42.141673
CSL,4976200192.0,2026-06-08 04:04:42.141673
UAA,4966369792.0,2026-06-09 13:41:06.766761
UA,4966369792.0,2026-06-09 13:41:06.766761
ROKU,4965457920.0,2026-06-08 14:44:07.369559
Q,4951000064.0,2026-06-08 14:44:09.894286
ZM,4933060096.0,2026-06-09 13:41:06.020266
ARM,4920000000.0,2026-06-08 04:04:53.658464
HEI,4911297024.0,2026-06-08 04:04:44.068028
HEI-A,4911297024.0,2026-06-08 04:04:44.068028
ELAN,4893000192.0,2026-06-08 04:04:42.141673
ATO,4881241088.0,2026-06-08 04:04:53.658464
TNET,4880999936.0,2026-06-09 13:41:06.766761
WFRD,4877000192.0,2026-06-09 13:41:06.766761
PSA,4871482880.0,2026-06-08 14:44:09.894286
LOGI,4840760832.0,2026-06-08 14:44:06.982061
AIT,4838729216.0,2026-06-08 04:04:53.658464
JHX,4835800064.0,2026-06-08 14:44:06.982061
AGNT,4822945792.0,2026-06-08 04:04:53.658464
DXCM,4817900032.0,2026-06-08 04:04:42.141673
ARCO,4817630208.0,2026-06-08 04:04:53.658464
HAS,4814400000.0,2026-06-08 04:04:44.068028
CBOE,4792000000.0,2026-06-08 04:04:42.960559
CPAY,4783723008.0,2026-06-08 04:04:42.141673
LSTR,4775609856.0,2026-06-08 14:44:10.506241
ARGX,4742469120.0,2026-06-08 04:04:53.658464
UPBD,4738426880.0,2026-06-09 13:41:06.766761
GO,4729544192.0,2026-06-08 04:04:44.068028
TRU,4726300160.0,2026-06-09 13:41:06.766761
VVX,4718242816.0,2026-06-09 13:41:06.766761
RBA,4716700160.0,2026-06-08 14:44:09.894286
MCHPP,4713099776.0,2026-06-08 14:44:10.506241
MCHP,4713099776.0,2026-06-08 14:44:10.506241
SITE,4705500160.0,2026-06-08 14:44:07.369559
KMPR,4704799744.0,2026-06-08 14:44:06.982061
FND,4675625984.0,2026-06-08 04:04:44.068028
TKR,4672799744.0,2026-06-09 13:41:06.766761
PTEN,4663417856.0,2026-06-08 14:44:09.894286
TTC,4658500096.0,2026-06-09 13:41:06.766761
HRI,4654000128.0,2026-06-08 04:04:44.068028
FLS,4652985856.0,2026-06-08 04:04:44.068028
EQPT,4652000256.0,2026-06-08 04:04:42.141673
VSAT,4640280064.0,2026-06-09 13:41:06.766761
CPRT,4638866944.0,2026-06-08 04:04:42.141673
GVA,4637297152.0,2026-06-08 04:04:44.068028
HGV,4633999872.0,2026-06-08 04:04:44.068028
DOX,4622573056.0,2026-06-08 04:04:42.141673
HOOD,4613000192.0,2026-06-08 04:04:44.068028
ATI,4594500096.0,2026-06-08 04:04:53.658464
AYI,4587100160.0,2026-06-08 04:04:53.658464
VEON,4574000128.0,2026-06-09 13:41:06.766761
EVR,4553624064.0,2026-06-08 04:04:42.141673
ENIC,4531902976.0,2026-06-08 04:04:42.141673
CNO,4512900096.0,2026-06-08 04:04:42.960559
FOUR,4453000192.0,2026-06-08 04:04:44.068028
IDXX,4446094848.0,2026-06-08 14:44:06.982061
LILAK,4441500160.0,2026-06-08 14:44:06.982061
LILA,4441500160.0,2026-06-08 14:44:06.982061
LILAV,4441500160.0,2026-06-08 14:44:06.982061
LILKV,4441500160.0,2026-06-08 14:44:06.982061
FBIN,4441399808.0,2026-06-08 04:04:44.068028
JAZZ,4438686208.0,2026-06-08 14:44:06.982061
NATL,4417999872.0,2026-06-08 14:44:10.506241
LNT,4417999872.0,2026-06-08 14:44:06.982061
TTEK,4403133952.0,2026-06-09 13:41:06.766761
ILMN,4392999936.0,2026-06-08 14:44:06.982061
PINS,4374292992.0,2026-06-08 14:44:09.894286
MLI,4371386880.0,2026-06-08 14:44:10.506241
MHO,4362395136.0,2026-06-08 14:44:10.506241
LECO,4350048768.0,2026-06-08 14:44:06.982061
EEFT,4340499968.0,2026-06-08 04:04:42.141673
SCI,4331521024.0,2026-06-08 14:44:07.369559
GNRC,4326390784.0,2026-06-08 04:04:44.068028
NVT,4325799936.0,2026-06-08 14:44:09.894286
HOG,4316496896.0,2026-06-08 04:04:44.068028
PLXS,4310282752.0,2026-06-08 14:44:09.894286
ALNY,4286923008.0,2026-06-08 04:04:53.658464
FDP,4268000000.0,2026-06-08 04:04:44.068028
AKAM,4266646016.0,2026-06-08 04:04:53.658464
GEF,4263154176.0,2026-06-08 04:04:44.068028
GEF-B,4263154176.0,2026-06-08 04:04:44.068028
CHEF,4257798912.0,2026-06-08 04:04:42.960559
ALHC,4256984064.0,2026-06-08 04:04:53.658464
RITM,4240526080.0,2026-06-08 14:44:07.369559
ITT,4237400064.0,2026-06-08 14:44:06.982061
FTV,4235399936.0,2026-06-08 04:04:44.068028
FN,4235001088.0,2026-06-08 04:04:44.068028
CNR,4231646976.0,2026-06-08 04:04:42.960559
COO,4231000064.0,2026-06-08 04:04:42.141673
DFH,4220815872.0,2026-06-08 04:04:42.141673
CCI,4212999936.0,2026-06-08 04:04:42.960559
PNR,4202299904.0,2026-06-08 14:44:09.894286
PRGO,4178400000.0,2026-06-08 14:44:09.894286
CLMT,4172900096.0,2026-06-08 04:04:42.960559
MOG-A,4171013120.0,2026-06-08 14:44:10.506241
MOG-B,4171013120.0,2026-06-08 14:44:10.506241
LCII,4166944000.0,2026-06-08 14:44:06.982061
VMI,4163984896.0,2026-06-09 13:41:06.766761
ALLE,4159000064.0,2026-06-08 04:04:53.658464
GTLS,4147300096.0,2026-06-08 04:04:44.068028
RIG,4140000000.0,2026-06-08 14:44:07.369559
KELYA,4126700032.0,2026-06-08 14:44:06.982061
KELYB,4126700032.0,2026-06-08 14:44:06.982061
SKYW,4122924032.0,2026-06-08 14:44:07.369559
BYD,4097778944.0,2026-06-08 04:04:42.960559
ALGN,4095789056.0,2026-06-08 04:04:53.658464
MTD,4089782016.0,2026-06-08 14:44:10.506241
ERIE,4089769984.0,2026-06-08 04:04:42.141673
GIL,4073508096.0,2026-06-08 04:04:44.068028
MKSI,4072999936.0,2026-06-08 14:44:10.506241
WES,4049865984.0,2026-06-09 13:41:06.766761
LBRT,4049839104.0,2026-06-08 14:44:06.982061
WU,4049799936.0,2026-06-09 13:41:06.020266
TNL,4048000000.0,2026-06-09 13:41:06.766761
SWKS,4044300032.0,2026-06-09 13:41:06.766761
ARCB,4041867008.0,2026-06-08 04:04:53.658464
VICI,4040432896.0,2026-06-09 13:41:06.766761
CRL,4027044096.0,2026-06-08 04:04:42.141673
CROX,4024771072.0,2026-06-08 04:04:42.141673
CCS,4004257024.0,2026-06-08 04:04:42.960559
HP,4002060032.0,2026-06-08 04:04:44.068028
PAAS,4000000000.0,2026-06-08 14:44:09.894286
WWD,3997732096.0,2026-06-09 13:41:06.020266
FWONK,3988000000.0,2026-06-08 04:04:44.068028
FWONA,3988000000.0,2026-06-08 04:04:44.068028
SOLS,3980999936.0,2026-06-08 14:44:07.369559
EFOR,3980400128.0,2026-06-08 04:04:42.141673
AFRM,3971538944.0,2026-06-08 04:04:53.658464
PAYX,3968000000.0,2026-06-08 14:44:09.894286
BLMN,3966074880.0,2026-06-08 04:04:42.960559
ECG,3956710912.0,2026-06-08 04:04:42.141673
LEG,3951200000.0,2026-06-08 14:44:06.982061
PATK,3944525056.0,2026-06-08 14:44:09.894286
IHRT,3942089984.0,2026-06-08 14:44:06.982061
OPENZ,3937999872.0,2026-06-08 14:44:09.894286
OPENW,3937999872.0,2026-06-08 14:44:09.894286
OPENL,3937999872.0,2026-06-08 14:44:09.894286
OPEN,3937999872.0,2026-06-08 14:44:09.894286
P,3937253888.0,2026-06-08 14:44:09.894286
BF-A,3928000000.0,2026-06-08 04:04:42.960559
BF-B,3928000000.0,2026-06-08 04:04:42.960559
HRB,3911534080.0,2026-06-08 04:04:44.068028
SOFI,3908427008.0,2026-06-08 14:44:07.369559
GMAB,3900999936.0,2026-06-08 04:04:44.068028
BTU,3897799936.0,2026-06-08 04:04:42.960559
JBTM,3880199936.0,2026-06-08 14:44:06.982061
FCFS,3876271104.0,2026-06-08 04:04:44.068028
FCN,3873920000.0,2026-06-08 04:04:44.068028
ATR,3872743936.0,2026-06-08 04:04:53.658464
CART,3864000000.0,2026-06-08 04:04:42.960559
DBD,3856399872.0,2026-06-08 04:04:42.141673
ROL,3844969984.0,2026-06-08 14:44:07.369559
MSM,3832777984.0,2026-06-08 14:44:10.506241
MYRG,3824648960.0,2026-06-08 14:44:10.506241
KLAR,3820000000.0,2026-06-08 14:44:06.982061
CRGY,3812440064.0,2026-06-08 04:04:42.141673
AOS,3811899904.0,2026-06-08 04:04:53.658464
DCI,3807500032.0,2026-06-08 04:04:42.141673
ULCC,3804000000.0,2026-06-09 13:41:06.766761
CAKE,3803441920.0,2026-06-08 04:04:42.960559
MLKN,3799300096.0,2026-06-08 14:44:10.506241
VC,3788000000.0,2026-06-09 13:41:06.766761
TER,3786838016.0,2026-06-09 13:41:06.766761
REYN,3780000000.0,2026-06-08 14:44:07.369559
CPA,3771064064.0,2026-06-08 04:04:42.141673
WAT,3770286080.0,2026-06-09 13:41:06.766761
ENS,3751375872.0,2026-06-08 04:04:42.141673
GME,3732800000.0,2026-06-08 04:04:44.068028
TPG,3732111872.0,2026-06-09 13:41:06.766761
HUBG,3728869888.0,2026-06-08 14:44:06.982061
ST,3728000000.0,2026-06-08 14:44:07.369559
SBH,3726932992.0,2026-06-08 14:44:07.369559
BEPC,3704000000.0,2026-06-08 04:04:42.960559
KALU,3702400000.0,2026-06-08 14:44:06.982061
DRS,3695000064.0,2026-06-08 04:04:42.141673
GTX,3691000064.0,2026-06-08 04:04:44.068028
BTG,3687785984.0,2026-06-08 04:04:42.960559
TRMB,3686599936.0,2026-06-09 13:41:06.766761
XRAY,3680999936.0,2026-06-09 13:41:06.020266
QRVO,3678516992.0,2026-06-08 14:44:09.894286
DDOG,3672030976.0,2026-06-08 04:04:42.141673
MEOH,3666468096.0,2026-06-08 14:44:10.506241
CMPR,3661170944.0,2026-06-08 04:04:42.960559
HY,3654099968.0,2026-06-08 14:44:06.982061
ALSN,3649999872.0,2026-06-08 04:04:53.658464
IESC,3633202944.0,2026-06-08 14:44:06.982061
BIPC,3623000064.0,2026-06-08 04:04:42.960559
SM,3616999936.0,2026-06-08 14:44:07.369559
UWMC,3608553984.0,2026-06-09 13:41:06.766761
CW,3606414080.0,2026-06-08 04:04:42.141673
MTDR,3591944960.0,2026-06-08 14:44:10.506241
ADV,3590450944.0,2026-06-08 04:04:53.658464
HNI,3586700032.0,2026-06-08 04:04:44.068028
CBT,3575000064.0,2026-06-08 04:04:42.960559
MAIR,3573400064.0,2026-06-08 14:44:10.506241
PHIN,3564999936.0,2026-06-08 14:44:09.894286
NXT,3559389952.0,2026-06-08 14:44:09.894286
BWLP,3558958080.0,2026-06-08 04:04:42.960559
GRAB,3552000000.0,2026-06-08 04:04:44.068028
GRABW,3552000000.0,2026-06-08 04:04:44.068028
IEX,3530099968.0,2026-06-08 14:44:06.982061
POR,3527000064.0,2026-06-08 14:44:09.894286
ASTH,3526479104.0,2026-06-08 04:04:53.658464
MTCH,3519952896.0,2026-06-08 14:44:10.506241
EXR,3478423040.0,2026-06-08 04:04:42.141673
NMRK,3475048960.0,2026-06-08 14:44:10.506241
CPRI,3473999872.0,2026-06-08 04:04:42.141673
SMG,3470799872.0,2026-06-08 14:44:07.369559
CRC,3464000000.0,2026-06-08 04:04:42.141673
CALM,3462708992.0,2026-06-08 04:04:42.960559
BRKRP,3458500096.0,2026-06-08 04:04:42.960559
BRKR,3458500096.0,2026-06-08 04:04:42.960559
FUL,3455770112.0,2026-06-08 04:04:44.068028
GTES,3446700032.0,2026-06-08 04:04:44.068028
H,3443000064.0,2026-06-08 04:04:44.068028
RH,3439536128.0,2026-06-08 14:44:07.369559
FMC,3434599936.0,2026-06-08 04:04:44.068028
FHN,3428999936.0,2026-06-08 04:04:44.068028
KEX,3422490112.0,2026-06-08 14:44:06.982061
AMN,3419257088.0,2026-06-08 04:04:53.658464
PRI,3416160000.0,2026-06-08 14:44:09.894286
CSGP,3412000000.0,2026-06-08 04:04:42.141673
IAG,3405799936.0,2026-06-08 14:44:06.982061
DNOW,3404000000.0,2026-06-08 04:04:42.141673
COLM,3397912064.0,2026-06-08 04:04:42.141673
ZION,3392000000.0,2026-06-09 13:41:06.020266
ZIONP,3392000000.0,2026-06-09 13:41:06.020266
WAL,3377799936.0,2026-06-09 13:41:06.766761
BWXT,3376384000.0,2026-06-08 04:04:42.960559
ACHC,3371066112.0,2026-06-08 04:04:53.658464
CBRL,3361160960.0,2026-06-08 04:04:42.960559
BGSI,3361146880.0,2026-06-08 04:04:42.960559
WS,3347500032.0,2026-06-09 13:41:06.020266
SGRY,3343600128.0,2026-06-08 14:44:07.369559
KTB,3342777088.0,2026-06-08 14:44:06.982061
VAC,3334000128.0,2026-06-09 13:41:06.766761
CAPL,3329500928.0,2026-06-08 04:04:42.960559
MATX,3320300032.0,2026-06-08 14:44:10.506241
PFSI,3319346944.0,2026-06-08 14:44:09.894286
VEEV,3319216128.0,2026-06-09 13:41:06.766761
MIDD,3310487040.0,2026-06-08 14:44:10.506241
HUBS,3298124032.0,2026-06-08 14:44:06.982061
AHCO,3286774016.0,2026-06-08 04:04:53.658464
DOCU,3286081024.0,2026-06-08 04:04:42.141673
SLVM,3284999936.0,2026-06-08 14:44:07.369559
AVNT,3280999936.0,2026-06-08 04:04:53.658464
MRX,3266299904.0,2026-06-08 14:44:10.506241
MAGN,3265999872.0,2026-06-08 14:44:10.506241
OGE,3264999936.0,2026-06-08 14:44:09.894286
NEXA,3263260928.0,2026-06-08 14:44:10.506241
ROAD,3257790976.0,2026-06-08 14:44:07.369559
SAIA,3252936960.0,2026-06-08 14:44:07.369559
CG,3248800000.0,2026-06-08 04:04:42.960559
BMRN,3242316032.0,2026-06-08 04:04:42.960559
MSCI,3239459072.0,2026-06-08 14:44:10.506241
TLN,3236000000.0,2026-06-09 13:41:06.766761
ENTG,3235300096.0,2026-06-08 04:04:42.141673
NBR,3232055040.0,2026-06-08 14:44:10.506241
FFIV,3224624896.0,2026-06-08 04:04:44.068028
WST,3220999936.0,2026-06-09 13:41:06.020266
CNK,3217400064.0,2026-06-08 04:04:42.960559
RRC,3210008064.0,2026-06-08 14:44:07.369559
KNF,3202672128.0,2026-06-08 14:44:06.982061
SBGI,3200000000.0,2026-06-08 14:44:07.369559
LAZ,3198693120.0,2026-06-08 14:44:06.982061
VSH,3193053952.0,2026-06-09 13:41:06.766761
MOD,3181100032.0,2026-06-08 14:44:10.506241
RUN,3174957056.0,2026-06-08 14:44:07.369559
ZS,3173563904.0,2026-06-09 13:41:06.020266
UTHR,3169799936.0,2026-06-09 13:41:06.766761
JHG,3165900032.0,2026-06-08 14:44:06.982061
CENT,3162616064.0,2026-06-08 04:04:42.960559
CENTA,3162616064.0,2026-06-08 04:04:42.960559
BXP,3158577920.0,2026-06-08 04:04:42.960559
JELD,3157299968.0,2026-06-08 14:44:06.982061
NGL,3156158976.0,2026-06-08 14:44:10.506241
CTRI,3155874048.0,2026-06-08 04:04:42.141673
AIR,3134500096.0,2026-06-08 04:04:53.658464
VLRS,3130237952.0,2026-06-09 13:41:06.766761
FUN,3123858944.0,2026-06-08 04:04:44.068028
EQR,3112995072.0,2026-06-08 04:04:42.141673
ULS,3105999872.0,2026-06-09 13:41:06.766761
TTMI,3103653120.0,2026-06-09 13:41:06.766761
NBIX,3102400000.0,2026-06-08 14:44:10.506241
VRSK,3102299904.0,2026-06-09 13:41:06.766761
MMED,3102000128.0,2026-06-08 14:44:10.506241
RYAN,3101357056.0,2026-06-08 14:44:07.369559
GMED,3100664064.0,2026-06-08 04:04:44.068028
BGC,3099585024.0,2026-06-08 04:04:42.960559
UI,3095991040.0,2026-06-09 13:41:06.766761
STC,3095858944.0,2026-06-08 14:44:07.369559
HE,3089273088.0,2026-06-08 04:04:44.068028
SCSC,3085839104.0,2026-06-08 14:44:07.369559
VNT,3085100032.0,2026-06-09 13:41:06.766761
ARCC,3083000064.0,2026-06-08 04:04:53.658464
LGN,3082430976.0,2026-06-08 14:44:06.982061
GTN-A,3080999936.0,2026-06-08 04:04:44.068028
GTN,3080999936.0,2026-06-08 04:04:44.068028
LTH,3077914112.0,2026-06-08 14:44:10.506241
WERN,3070892032.0,2026-06-09 13:41:06.766761
AVB,3060059904.0,2026-06-08 04:04:53.658464
PSNYW,3058108928.0,2026-06-08 14:44:09.894286
PSNY,3058108928.0,2026-06-08 14:44:09.894286
WMS,3050375936.0,2026-06-09 13:41:06.020266
VIRT,3049731072.0,2026-06-09 13:41:06.766761
AMRX,3045859072.0,2026-06-08 04:04:53.658464
OMF,3040000000.0,2026-06-08 14:44:09.894286
SPNT,3030000128.0,2026-06-08 14:44:07.369559
CRS,3028800000.0,2026-06-08 04:04:42.141673
NE,3017331968.0,2026-06-08 14:44:10.506241
CNDT,3014000128.0,2026-06-08 04:04:42.960559
NICE,3013824000.0,2026-06-08 14:44:10.506241
TAL,3008908032.0,2026-06-09 13:41:06.766761
BPOP,3005402112.0,2026-06-08 04:04:42.960559
BKD,3001319936.0,2026-06-08 04:04:42.960559
PTC,2997860096.0,2026-06-08 14:44:09.894286
OKTA,2996000000.0,2026-06-08 14:44:09.894286
AXON,2983247872.0,2026-06-08 04:04:53.658464
BFAM,2980302080.0,2026-06-08 04:04:42.960559
ENR,2980300032.0,2026-06-08 04:04:42.141673
BXC,2975930112.0,2026-06-08 04:04:42.960559
TTD,2969120000.0,2026-06-09 13:41:06.766761
CELH,2968608000.0,2026-06-08 04:04:42.960559
STGW,2961402880.0,2026-06-08 14:44:07.369559
MPWR,2957090048.0,2026-06-08 14:44:10.506241
CRI,2949711872.0,2026-06-08 04:04:42.141673
IBP,2946500096.0,2026-06-08 14:44:06.982061
CHDN,2945900032.0,2026-06-08 04:04:42.960559
OWL,2940503040.0,2026-06-08 14:44:09.894286
GBTG,2936999936.0,2026-06-08 04:04:44.068028
ARE,2930149120.0,2026-06-08 04:04:53.658464
UNIT,2928100096.0,2026-06-09 13:41:06.766761
UVV,2924470016.0,2026-06-09 13:41:06.766761
MTN,2921807872.0,2026-06-08 14:44:10.506241
TROX,2920000000.0,2026-06-09 13:41:06.766761
HOV,2918084096.0,2026-06-08 04:04:44.068028
WGO,2912499968.0,2026-06-09 13:41:06.766761
ESAB,2910013952.0,2026-06-08 04:04:42.141673
GIII,2909364992.0,2026-06-08 04:04:44.068028
ACA,2907500032.0,2026-06-08 04:04:53.658464
NDSN,2903636992.0,2026-06-08 14:44:10.506241
ETSY,2902574080.0,2026-06-08 04:04:42.141673
RVTY,2902406912.0,2026-06-08 14:44:07.369559
PODD,2900800000.0,2026-06-08 14:44:09.894286
VIST,2900752896.0,2026-06-09 13:41:06.766761
GBX,2895800064.0,2026-06-08 04:04:44.068028
HG,2894567936.0,2026-06-08 04:04:44.068028
CNXN,2893565952.0,2026-06-08 04:04:42.960559
DBI,2892670976.0,2026-06-08 04:04:42.141673
STRL,2884774912.0,2026-06-08 14:44:07.369559
NYT,2874144000.0,2026-06-08 14:44:09.894286
ATKR,2873980928.0,2026-06-08 04:04:53.658464
DOC,2872574976.0,2026-06-08 04:04:42.141673
CRCL,2862202112.0,2026-06-08 04:04:42.141673
KFY,2859745024.0,2026-06-08 14:44:06.982061
SBAC,2854329088.0,2026-06-08 14:44:07.369559
FTAIM,2836026112.0,2026-06-08 04:04:44.068028
FTAI,2836026112.0,2026-06-08 04:04:44.068028
FTAIN,2836026112.0,2026-06-08 04:04:44.068028
SABR,2829182976.0,2026-06-08 14:44:07.369559
WTM,2823300096.0,2026-06-09 13:41:06.020266
BALY,2823216896.0,2026-06-08 04:04:53.658464
SPB,2819000064.0,2026-06-08 14:44:07.369559
INIO,2811399936.0,2026-06-08 14:44:06.982061
CAL,2810231040.0,2026-06-08 04:04:42.960559
NVST,2808100096.0,2026-06-08 14:44:09.894286
OII,2802062080.0,2026-06-08 14:44:09.894286
ESI,2797499904.0,2026-06-08 04:04:42.141673
PLTK,2794099968.0,2026-06-08 14:44:09.894286
BDC,2786707968.0,2026-06-08 04:04:42.960559
EWBC,2785264896.0,2026-06-08 04:04:42.141673
INVH,2779454976.0,2026-06-08 14:44:06.982061
CBZ,2768556032.0,2026-06-08 04:04:42.960559
CPS,2760205056.0,2026-06-08 04:04:42.141673
MWH,2759453952.0,2026-06-08 14:44:10.506241
CHKP,2756000000.0,2026-06-08 04:04:42.960559
NTNX,2749733888.0,2026-06-08 14:44:10.506241
MUR,2749468928.0,2026-06-08 14:44:10.506241
FORTY,2746025984.0,2026-06-08 04:04:44.068028
WPM,2745658112.0,2026-06-09 13:41:06.020266
KLC,2737601024.0,2026-06-08 14:44:06.982061
PTRN,2734636032.0,2026-06-08 14:44:09.894286
GEO,2732114944.0,2026-06-08 04:04:44.068028
UMBF,2732077056.0,2026-06-09 13:41:06.766761
UMBFO,2732077056.0,2026-06-09 13:41:06.766761
OLLI,2731358976.0,2026-06-08 14:44:09.894286
WBS,2730213888.0,2026-06-09 13:41:06.766761
BV,2728699904.0,2026-06-08 04:04:42.960559
ACH,2715928064.0,2026-06-08 04:04:53.658464
VSTS,2708634880.0,2026-06-09 13:41:06.766761
FTRE,2708600064.0,2026-06-08 04:04:44.068028
BHE,2704624128.0,2026-06-08 04:04:42.960559
RXT,2698400000.0,2026-06-08 14:44:07.369559
WEX,2697999872.0,2026-06-09 13:41:06.766761
NEU,2693939968.0,2026-06-08 14:44:10.506241
Z,2692999936.0,2026-06-09 13:41:06.020266
ZG,2692999936.0,2026-06-09 13:41:06.020266
WTFC,2692570112.0,2026-06-09 13:41:06.020266
WTFCN,2692570112.0,2026-06-09 13:41:06.020266
MBC,2692400128.0,2026-06-08 14:44:10.506241
VYX,2680999936.0,2026-06-09 13:41:06.766761
MEDP,2678267904.0,2026-06-08 14:44:10.506241
SSB,2676516096.0,2026-06-08 14:44:07.369559
YSWY,2672572928.0,2026-06-09 13:41:06.020266
SKY,2663639040.0,2026-06-08 14:44:07.369559
QDEL,2657200128.0,2026-06-08 14:44:09.894286
RHP,2644344064.0,2026-06-08 14:44:07.369559
BFH,2644000000.0,2026-06-08 04:04:42.960559
PNFP,2643606016.0,2026-06-08 14:44:09.894286
ALGT,2639937024.0,2026-06-08 04:04:53.658464
SHOO,2633670912.0,2026-06-08 14:44:07.369559
GNTX,2632939008.0,2026-06-08 04:04:44.068028
HLI,2617516032.0,2026-06-08 04:04:44.068028
GOLF,2608333056.0,2026-06-08 04:04:44.068028
EFXT,2603000064.0,2026-06-08 04:04:42.141673
MDB,2602398976.0,2026-06-08 14:44:10.506241
COLD,2601574912.0,2026-06-08 04:04:42.141673
SR,2600699904.0,2026-06-08 14:44:07.369559
BIO,2589900032.0,2026-06-08 04:04:42.960559
BIO-B,2589900032.0,2026-06-08 04:04:42.960559
FLNC,2584549120.0,2026-06-08 04:04:44.068028
CDE,2566256128.0,2026-06-08 04:04:42.960559
LPX,2558000128.0,2026-06-08 14:44:10.506241
WTS,2557799936.0,2026-06-09 13:41:06.020266
WTRG,2552748032.0,2026-06-09 13:41:06.020266
RNG,2547284992.0,2026-06-08 14:44:07.369559
CENX,2543200000.0,2026-06-08 04:04:42.960559
CHE,2540548096.0,2026-06-08 04:04:42.960559
PK,2537999872.0,2026-06-08 14:44:09.894286
LRN,2535664128.0,2026-06-08 14:44:10.506241
AQN,2533600000.0,2026-06-08 04:04:53.658464
GFF,2525908992.0,2026-06-08 04:04:44.068028
DBX,2525799936.0,2026-06-08 04:04:42.141673
AVAH,2521890048.0,2026-06-08 04:04:53.658464
SYM,2517042944.0,2026-06-09 13:41:06.766761
JKHY,2515687936.0,2026-06-08 14:44:06.982061
BRSL,2515000064.0,2026-06-08 04:04:42.960559
TDOC,2514452992.0,2026-06-09 13:41:06.766761
MORN,2508400128.0,2026-06-08 14:44:10.506241
NFG,2507990016.0,2026-06-08 14:44:10.506241
ONB,2506818048.0,2026-06-08 14:44:09.894286
ONBPO,2506818048.0,2026-06-08 14:44:09.894286
ONBPP,2506818048.0,2026-06-08 14:44:09.894286
NLY,2501053952.0,2026-06-08 14:44:10.506241
NTRA,2500926976.0,2026-06-08 14:44:10.506241
LFUS,2488955904.0,2026-06-08 14:44:06.982061
LITE,2488399872.0,2026-06-08 14:44:06.982061
PRG,2483469056.0,2026-06-08 14:44:09.894286
RDDT,2473555968.0,2026-06-08 14:44:07.369559
UNF,2469048064.0,2026-06-09 13:41:06.766761
FWRD,2463883008.0,2026-06-08 04:04:44.068028
PLGO,2452699904.0,2026-06-08 14:44:09.894286
GLOB,2450876928.0,2026-06-08 04:04:44.068028
GCO,2449147904.0,2026-06-08 04:04:44.068028
BE,2449027072.0,2026-06-08 04:04:42.960559
CLVT,2447000064.0,2026-06-08 04:04:42.960559
PTON,2445199872.0,2026-06-08 14:44:09.894286
CR,2443800064.0,2026-06-08 04:04:42.141673
PLUS,2442548992.0,2026-06-08 14:44:09.894286
RPRX,2440521984.0,2026-06-08 14:44:07.369559
TITN,2427107072.0,2026-06-09 13:41:06.766761
BOBS,2413370880.0,2026-06-08 04:04:42.960559
EQX,2413082112.0,2026-06-08 04:04:42.141673
HAFN,2405221120.0,2026-06-08 04:04:44.068028
FDS,2401061120.0,2026-06-08 04:04:44.068028
VLGEA,2395813120.0,2026-06-09 13:41:06.766761
SSD,2381876992.0,2026-06-08 14:44:07.369559
TYL,2380677888.0,2026-06-09 13:41:06.766761
EXEL,2375491072.0,2026-06-08 04:04:42.141673
HBM,2373400064.0,2026-06-08 04:04:44.068028
QUAD,2371500032.0,2026-06-08 14:44:09.894286
AHR,2370967040.0,2026-06-08 04:04:53.658464
HIMS,2369731072.0,2026-06-08 04:04:44.068028
SEIC,2368219904.0,2026-06-08 14:44:07.369559
DIT,2358119680.0,2026-06-08 04:04:42.141673
SPXC,2349299968.0,2026-06-08 14:44:07.369559
ITRI,2347024896.0,2026-06-08 14:44:06.982061
SCL,2343367936.0,2026-06-08 14:44:07.369559
FSS,2342299904.0,2026-06-08 04:04:44.068028
SUI,2339099904.0,2026-06-08 14:44:07.369559
CXW,2337284096.0,2026-06-08 04:04:42.141673
COLB,2336000000.0,2026-06-08 04:04:42.141673
PPLI,2334395904.0,2026-06-08 14:44:09.894286
BRBR,2331699968.0,2026-06-08 04:04:42.960559
NET,2328604928.0,2026-06-08 14:44:10.506241
SGHC,2326000128.0,2026-06-08 14:44:07.369559
OGS,2323949056.0,2026-06-08 14:44:09.894286
CHYM,2315412992.0,2026-06-08 04:04:42.960559
EXP,2308657920.0,2026-06-08 04:04:42.141673
AMCX,2298694912.0,2026-06-08 04:04:53.658464
LAMR,2288613888.0,2026-06-08 14:44:06.982061
BKH,2285499904.0,2026-06-08 04:04:42.960559
TDAY,2279138048.0,2026-06-09 13:41:06.766761
ENOV,2278365952.0,2026-06-08 04:04:42.141673
WSC,2270522880.0,2026-06-09 13:41:06.020266
MTW,2264600064.0,2026-06-08 14:44:10.506241
FICO,2255802112.0,2026-06-08 04:04:44.068028
BOOT,2253859072.0,2026-06-08 04:04:42.960559
FRO,2251480064.0,2026-06-08 04:04:44.068028
GGG,2248463872.0,2026-06-08 04:04:44.068028
ALIT,2248000000.0,2026-06-08 04:04:53.658464
OGC,2247800064.0,2026-06-08 14:44:09.894286
PRVA,2246592000.0,2026-06-08 14:44:09.894286
CVCO,2244505088.0,2026-06-08 04:04:42.141673
NVRI,2242254080.0,2026-06-08 14:44:09.894286
HZO,2241902080.0,2026-06-08 14:44:06.982061
CNX,2237853952.0,2026-06-08 04:04:42.960559
EPC,2234099968.0,2026-06-08 04:04:42.141673
CON,2232219904.0,2026-06-08 04:04:42.141673
CFR,2231973120.0,2026-06-08 04:04:42.960559
BOKF,2225959936.0,2026-06-08 04:04:42.960559
MRNA,2224999936.0,2026-06-08 14:44:10.506241
VAL,2213700096.0,2026-06-09 13:41:06.766761
MAA,2213555968.0,2026-06-08 14:44:10.506241
CLOV,2210365952.0,2026-06-08 04:04:42.960559
WEN,2194055936.0,2026-06-09 13:41:06.766761
TXNM,2187795968.0,2026-06-09 13:41:06.766761
JOYY,2185596928.0,2026-06-08 14:44:06.982061
SRPT,2184184064.0,2026-06-08 14:44:07.369559
NJR,2179279104.0,2026-06-08 14:44:10.506241
FELE,2176440064.0,2026-06-08 04:04:44.068028
GDOT,2171522048.0,2026-06-08 04:04:44.068028
ARLP,2170360064.0,2026-06-08 04:04:53.658464
KIM,2161508096.0,2026-06-08 14:44:06.982061
TW,2158537984.0,2026-06-09 13:41:06.766761
EXLS,2157010944.0,2026-06-08 04:04:42.141673
PAM,2156999936.0,2026-06-08 14:44:09.894286
ICUI,2156784896.0,2026-06-08 14:44:06.982061
DORM,2151397120.0,2026-06-08 04:04:42.141673
RDNT,2144441984.0,2026-06-08 14:44:07.369559
SSP,2143059968.0,2026-06-08 14:44:07.369559
KMT,2136530944.0,2026-06-08 14:44:06.982061
DLX,2134800000.0,2026-06-08 04:04:42.141673
MTX,2127699968.0,2026-06-08 14:44:10.506241
LZB,2127168000.0,2026-06-08 14:44:10.506241
TFX,2126717056.0,2026-06-09 13:41:06.766761
AMG,2122700032.0,2026-06-08 04:04:53.658464
AMR,2122510976.0,2026-06-08 04:04:53.658464
RAL,2121600000.0,2026-06-08 14:44:09.894286
FTDR,2118000000.0,2026-06-08 04:04:44.068028
CALY,2118000000.0,2026-06-08 04:04:42.960559
MH,2112321024.0,2026-06-08 14:44:10.506241
BZH,2110599936.0,2026-06-08 04:04:42.960559
PLAY,2102800000.0,2026-06-08 14:44:09.894286
QGEN,2098862976.0,2026-06-08 14:44:09.894286
TTEC,2098845952.0,2026-06-09 13:41:06.766761
VHI,2098499968.0,2026-06-09 13:41:06.766761
PAYC,2093100032.0,2026-06-08 14:44:09.894286
FNV,2087699968.0,2026-06-08 04:04:44.068028
REAX,2079986048.0,2026-06-08 14:44:07.369559
GRBK,2074638976.0,2026-06-08 04:04:44.068028
AGI,2072499968.0,2026-06-08 04:04:53.658464
UCTT,2069100032.0,2026-06-09 13:41:06.766761
TRN,2063500032.0,2026-06-09 13:41:06.766761
DXPE,2061453952.0,2026-06-08 04:04:42.141673
WIX,2060563968.0,2026-06-09 13:41:06.766761
BVN,2048475008.0,2026-06-08 04:04:42.960559
EYE,2021043968.0,2026-06-08 04:04:42.141673
RRR,2020941056.0,2026-06-08 14:44:07.369559
DT,2018386944.0,2026-06-08 04:04:42.141673
PIPR,2016513024.0,2026-06-08 14:44:09.894286
VISN,2015299968.0,2026-06-09 13:41:06.766761
PZZA,2014108032.0,2026-06-08 14:44:09.894286
MBLY,2014000000.0,2026-06-08 14:44:10.506241
OPLN,2002300032.0,2026-06-08 14:44:09.894286
CRK,2001031040.0,2026-06-08 04:04:42.141673
DSGR,1997988992.0,2026-06-08 04:04:42.141673
CRUS,1997378944.0,2026-06-08 04:04:42.141673
EGO,1996039040.0,2026-06-08 04:04:42.141673
STEP,1993602944.0,2026-06-08 14:44:07.369559
CTOS,1983346944.0,2026-06-08 04:04:42.141673
MATV,1981799936.0,2026-06-08 14:44:10.506241
AMRC,1980756992.0,2026-06-08 04:04:53.658464
SOBO,1979000064.0,2026-06-08 14:44:07.369559
ESS,1966022016.0,2026-06-08 04:04:42.141673
FLG,1964999936.0,2026-06-08 04:04:44.068028
CAAP,1962134016.0,2026-06-08 04:04:42.960559
UIS,1955600000.0,2026-06-09 13:41:06.766761
TBLA,1950941952.0,2026-06-09 13:41:06.766761
TBLAW,1950941952.0,2026-06-09 13:41:06.766761
CMBT,1950665984.0,2026-06-08 04:04:42.960559
SAM,1945057024.0,2026-06-08 14:44:07.369559
VLYPN,1940877056.0,2026-06-09 13:41:06.766761
VLYPP,1940877056.0,2026-06-09 13:41:06.766761
VLY,1940877056.0,2026-06-09 13:41:06.766761
VLYPO,1940877056.0,2026-06-09 13:41:06.766761
MZTI,1940220032.0,2026-06-08 14:44:10.506241
HXL,1938899968.0,2026-06-08 14:44:06.982061
GPRE,1935969024.0,2026-06-08 04:04:44.068028
MD,1931686016.0,2026-06-08 14:44:10.506241
KWR,1926199040.0,2026-06-08 14:44:06.982061
NOG,1925198976.0,2026-06-08 14:44:10.506241
U,1922886016.0,2026-06-09 13:41:06.766761
WWW,1919600000.0,2026-06-09 13:41:06.020266
CRTO,1918105984.0,2026-06-08 04:04:42.141673
KNSL,1917298944.0,2026-06-08 14:44:06.982061
MSA,1917106048.0,2026-06-08 14:44:10.506241
AVA,1916999936.0,2026-06-08 04:04:53.658464
MTRN,1916044032.0,2026-06-08 14:44:10.506241
CVSA,1909809024.0,2026-06-08 04:04:42.141673
AEIS,1905200000.0,2026-06-08 04:04:53.658464
GATX,1902499968.0,2026-06-08 04:04:44.068028
RLI,1898653056.0,2026-06-08 14:44:07.369559
YETI,1897779968.0,2026-06-09 13:41:06.020266
SSRM,1894797056.0,2026-06-08 14:44:07.369559
EVH,1888825984.0,2026-06-08 04:04:42.141673
KRO,1879399936.0,2026-06-08 14:44:06.982061
KOP,1878099968.0,2026-06-08 14:44:06.982061
CWST,1877068032.0,2026-06-08 04:04:42.141673
PBI,1876621952.0,2026-06-08 14:44:09.894286
TRIP,1875200000.0,2026-06-09 13:41:06.766761
RBC,1870899968.0,2026-06-08 14:44:09.894286
OUT,1870599936.0,2026-06-08 14:44:09.894286
AMH,1862982016.0,2026-06-08 04:04:53.658464
DRVN,1862438016.0,2026-06-08 04:04:42.141673
SGU,1859281024.0,2026-06-08 14:44:07.369559
VVV,1858400000.0,2026-06-09 13:41:06.766761
NX,1856574976.0,2026-06-08 14:44:09.894286
SXC,1856400000.0,2026-06-09 13:41:06.766761
FHI,1856080000.0,2026-06-08 04:04:44.068028
ITGR,1855825024.0,2026-06-08 14:44:06.982061
VNO,1854104064.0,2026-06-09 13:41:06.766761
HCSG,1852276992.0,2026-06-08 04:04:44.068028
ECPG,1851437952.0,2026-06-08 04:04:42.141673
MERC,1850400000.0,2026-06-08 14:44:10.506241
CODI,1846663936.0,2026-06-08 04:04:42.141673
TWI,1842808064.0,2026-06-09 13:41:06.766761
DEC,1840183040.0,2026-06-08 04:04:42.141673
ONEW,1835853056.0,2026-06-08 14:44:09.894286
SMP,1828945024.0,2026-06-08 14:44:07.369559
ATMU,1825299968.0,2026-06-08 04:04:53.658464
ALTG,1823399936.0,2026-06-08 04:04:53.658464
ICFI,1822733056.0,2026-06-08 14:44:06.982061
BGS,1812221056.0,2026-06-08 04:04:42.960559
RJET,1809100032.0,2026-06-08 14:44:07.369559
ASH,1808000000.0,2026-06-08 04:04:53.658464
OSIS,1806910976.0,2026-06-08 14:44:09.894286
PJT,1806243968.0,2026-06-08 14:44:09.894286
MDU,1806210048.0,2026-06-08 14:44:10.506241
STUB,1793625984.0,2026-06-08 14:44:07.369559
ACDC,1791100032.0,2026-06-08 04:04:53.658464
ACIW,1790966016.0,2026-06-08 04:04:53.658464
IOSP,1790400000.0,2026-06-08 14:44:06.982061
OEC,1788499968.0,2026-06-08 14:44:09.894286
HELE,1786290048.0,2026-06-08 04:04:44.068028
TIC,1784109952.0,2026-06-09 13:41:06.766761
IDA,1783952000.0,2026-06-08 14:44:06.982061
OBDC,1783431936.0,2026-06-08 14:44:09.894286
CBSH,1782066048.0,2026-06-08 04:04:42.960559
WB,1781686016.0,2026-06-09 13:41:06.766761
SWX,1779083008.0,2026-06-09 13:41:06.766761
UDR,1766688000.0,2026-06-09 13:41:06.766761
RES,1748444032.0,2026-06-08 14:44:07.369559
BROS,1747419008.0,2026-06-08 04:04:42.960559
ALH,1746551040.0,2026-06-08 04:04:53.658464
IMMR,1745570048.0,2026-06-08 14:44:06.982061
SVC,1744109952.0,2026-06-08 14:44:07.369559
PSFE,1743111040.0,2026-06-08 14:44:09.894286
WPC,1742200960.0,2026-06-09 13:41:06.020266
ZWS,1740099968.0,2026-06-09 13:41:06.020266
ESTC,1739330944.0,2026-06-08 04:04:42.141673
TALO,1738973952.0,2026-06-09 13:41:06.766761
LAUR,1738380032.0,2026-06-08 14:44:06.982061
AEBI,1732984064.0,2026-06-08 04:04:53.658464
KNTK,1731101952.0,2026-06-08 14:44:06.982061
IOT,1730594944.0,2026-06-08 14:44:06.982061
BNED,1729458048.0,2026-06-08 04:04:42.960559
PCTY,1727329024.0,2026-06-08 14:44:09.894286
RELY,1726324992.0,2026-06-08 14:44:07.369559
FNB,1716800000.0,2026-06-08 04:04:44.068028
HMN,1714300032.0,2026-06-08 04:04:44.068028
CXT,1714099968.0,2026-06-08 04:04:42.141673
SVV,1712003968.0,2026-06-09 13:41:06.766761
HURN,1710857984.0,2026-06-08 14:44:06.982061
FOR,1708400000.0,2026-06-08 04:04:44.068028
PEGA,1700152064.0,2026-06-08 14:44:09.894286
TDC,1688999936.0,2026-06-09 13:41:06.766761
VRSN,1683200000.0,2026-06-09 13:41:06.766761
GEL,1678658944.0,2026-06-08 04:04:44.068028
LGIH,1673820032.0,2026-06-08 14:44:06.982061
PATH,1672329984.0,2026-06-08 14:44:09.894286
WLYB,1671165952.0,2026-06-09 13:41:06.020266
WLY,1671165952.0,2026-06-09 13:41:06.020266
TTAM,1670171008.0,2026-06-09 13:41:06.766761
ARXS,1669799040.0,2026-06-08 04:04:53.658464
SLM,1665432064.0,2026-06-08 14:44:07.369559
SLMBP,1665432064.0,2026-06-08 14:44:07.369559
SXT,1655619968.0,2026-06-09 13:41:06.766761
PRKS,1653904000.0,2026-06-08 14:44:09.894286
REGCO,1650468992.0,2026-06-08 14:44:07.369559
REGCP,1650468992.0,2026-06-08 14:44:07.369559
REG,1650468992.0,2026-06-08 14:44:07.369559
AZZ,1650080000.0,2026-06-08 04:04:53.658464
AWI,1648000000.0,2026-06-08 04:04:53.658464
NNI,1646049024.0,2026-06-08 14:44:10.506241
IART,1644509952.0,2026-06-08 14:44:06.982061
TBI,1644308992.0,2026-06-09 13:41:06.766761
CCO,1643824000.0,2026-06-08 04:04:42.960559
SLQT,1641948032.0,2026-06-08 14:44:07.369559
NWE,1641499008.0,2026-06-08 14:44:09.894286
FRHC,1634574976.0,2026-06-08 04:04:44.068028
OPY,1631490048.0,2026-06-08 14:44:09.894286
ALG,1629913984.0,2026-06-08 04:04:53.658464
HESM,1629400064.0,2026-06-08 04:04:44.068028
HL,1629117952.0,2026-06-08 04:04:44.068028
BWIN,1623714048.0,2026-06-08 04:04:42.960559
BRC,1621936000.0,2026-06-08 04:04:42.960559
TSEM,1621565056.0,2026-06-09 13:41:06.766761
GLPI,1619501952.0,2026-06-08 04:04:44.068028
AAON,1616957952.0,2026-06-08 04:04:53.658464
PKOH,1614700032.0,2026-06-08 14:44:09.894286
SCHL,1614099968.0,2026-06-08 14:44:07.369559
SENEA,1611666944.0,2026-06-08 14:44:07.369559
SENEB,1611666944.0,2026-06-08 14:44:07.369559
AVAV,1610279040.0,2026-06-08 04:04:53.658464
IHS,1605299968.0,2026-06-08 14:44:06.982061
FA,1605001984.0,2026-06-08 04:04:44.068028
AGNC,1604999936.0,2026-06-08 04:04:53.658464
AGNCZ,1604999936.0,2026-06-08 04:04:53.658464
AGNCP,1604999936.0,2026-06-08 04:04:53.658464
AGNCO,1604999936.0,2026-06-08 04:04:53.658464
AGNCN,1604999936.0,2026-06-08 04:04:53.658464
AGNCM,1604999936.0,2026-06-08 04:04:53.658464
AGNCL,1604999936.0,2026-06-08 04:04:53.658464
UVE,1602612992.0,2026-06-09 13:41:06.766761
BILL,1600322944.0,2026-06-08 04:04:42.960559
CPT,1584873984.0,2026-06-08 04:04:42.141673
XPRO,1583795968.0,2026-06-09 13:41:06.020266
ENVA,1580210944.0,2026-06-08 04:04:42.141673
VNOM,1578000000.0,2026-06-09 13:41:06.766761
CGAU,1569757056.0,2026-06-08 04:04:42.960559
SKWD,1563880960.0,2026-06-08 14:44:07.369559
HLMN,1562953984.0,2026-06-08 04:04:44.068028
ALKS,1562300032.0,2026-06-08 04:04:53.658464
ROOT,1561200000.0,2026-06-08 14:44:07.369559
OZK,1560676992.0,2026-06-08 14:44:09.894286
OZKAP,1560676992.0,2026-06-08 14:44:09.894286
MASI,1558499968.0,2026-06-08 14:44:10.506241
DIOD,1555426944.0,2026-06-08 04:04:42.141673
BSY,1555417984.0,2026-06-08 04:04:42.960559
JJSF,1553133056.0,2026-06-08 14:44:06.982061
ACCO,1551000064.0,2026-06-08 04:04:53.658464
ASIX,1548625024.0,2026-06-08 04:04:53.658464
FLWS,1547015040.0,2026-06-08 04:04:44.068028
LNTH,1546178048.0,2026-06-08 14:44:06.982061
ULH,1543581952.0,2026-06-09 13:41:06.766761
MMSI,1542432000.0,2026-06-08 14:44:10.506241
ELS,1542412032.0,2026-06-08 04:04:42.141673
THRM,1538454016.0,2026-06-09 13:41:06.766761
DHCNL,1537853056.0,2026-06-08 04:04:42.141673
CLW,1537500032.0,2026-06-08 04:04:42.960559
MC,1529982976.0,2026-06-08 14:44:10.506241
VTOL,1528686976.0,2026-06-09 13:41:06.766761
NHC,1525905024.0,2026-06-08 14:44:10.506241
DHC,1517459968.0,2026-06-08 04:04:42.141673
AROC,1516422016.0,2026-06-08 04:04:53.658464
DNUT,1514466048.0,2026-06-08 04:04:42.141673
BKKT,1513080064.0,2026-06-08 04:04:42.960559
HHH,1511480960.0,2026-06-08 04:04:44.068028
HALO,1508457984.0,2026-06-08 04:04:44.068028
PEB,1500934016.0,2026-06-08 14:44:09.894286
AGRO,1500908032.0,2026-06-08 04:04:53.658464
PAHC,1500043008.0,2026-06-08 14:44:09.894286
LFST,1494791040.0,2026-06-08 14:44:06.982061
IPAR,1494574976.0,2026-06-08 14:44:06.982061
BLBD,1493095040.0,2026-06-08 04:04:42.960559
SHAK,1491144960.0,2026-06-08 14:44:07.369559
AG,1489883008.0,2026-06-08 04:04:53.658464
CWEN,1484999936.0,2026-06-08 04:04:42.141673
TRUP,1481378944.0,2026-06-09 13:41:06.766761
FOXF,1480947968.0,2026-06-08 04:04:44.068028
OXM,1477833984.0,2026-06-08 14:44:09.894286
ASTE,1477299968.0,2026-06-08 04:04:53.658464
EZPW,1476694016.0,2026-06-08 04:04:42.141673
VCTR,1474518016.0,2026-06-09 13:41:06.766761
ASB,1473879040.0,2026-06-08 04:04:53.658464
CABO,1473778944.0,2026-06-08 04:04:42.960559
HCC,1472487936.0,2026-06-08 04:04:44.068028
YELP,1467878016.0,2026-06-09 13:41:06.020266
WNC,1465092992.0,2026-06-09 13:41:06.020266
MWA,1463699968.0,2026-06-08 14:44:10.506241
SONO,1459852032.0,2026-06-08 14:44:07.369559
PIIIW,1459079936.0,2026-06-08 14:44:09.894286
PIII,1459079936.0,2026-06-08 14:44:09.894286
CRSR,1457241984.0,2026-06-08 04:04:42.141673
GRDN,1455971968.0,2026-06-08 04:04:44.068028
PEN,1454283008.0,2026-06-08 14:44:09.894286
HAIN,1453708032.0,2026-06-08 04:04:44.068028
ADUS,1448433024.0,2026-06-08 04:04:53.658464
UTZ,1448000000.0,2026-06-09 13:41:06.766761
ZD,1446093056.0,2026-06-09 13:41:06.020266
NUS,1441277056.0,2026-06-08 14:44:10.506241
KE,1440276992.0,2026-06-08 14:44:06.982061
WH,1440000000.0,2026-06-09 13:41:06.766761
HGTY,1439883008.0,2026-06-08 04:04:44.068028
ZETA,1436552960.0,2026-06-09 13:41:06.020266
LIVN,1433456000.0,2026-06-08 14:44:06.982061
RYAM,1432877952.0,2026-06-08 14:44:07.369559
JACK,1432300032.0,2026-06-08 14:44:06.982061
NESR,1425531008.0,2026-06-08 14:44:10.506241
RBRK,1424777984.0,2026-06-08 14:44:09.894286
UFCS,1424738944.0,2026-06-09 13:41:06.766761
FSK,1423000064.0,2026-06-08 04:04:44.068028
APLE,1422424960.0,2026-06-08 04:04:53.658464
GWRE,1420845952.0,2026-06-08 04:04:44.068028
TILE,1420477952.0,2026-06-09 13:41:06.766761
SMPL,1416208000.0,2026-06-08 14:44:07.369559
KTOS,1415200000.0,2026-06-08 14:44:06.982061
TRMD,1412400000.0,2026-06-09 13:41:06.766761
GPOR,1411430016.0,2026-06-08 04:04:44.068028
BJRI,1409271040.0,2026-06-08 04:04:42.960559
GIC,1408499968.0,2026-06-08 04:04:44.068028
SDRL,1407000064.0,2026-06-08 14:44:07.369559
MIAX,1406685952.0,2026-06-08 14:44:10.506241
APOG,1404733056.0,2026-06-08 04:04:53.658464
NEGG,1403527040.0,2026-06-08 14:44:10.506241
AUB,1401291008.0,2026-06-08 04:04:53.658464
LCID,1401207040.0,2026-06-08 14:44:06.982061
ENPH,1399800960.0,2026-06-08 04:04:42.141673
WTTR,1398918016.0,2026-06-09 13:41:06.020266
NMM,1397037952.0,2026-06-08 14:44:10.506241
SPH,1393117952.0,2026-06-08 14:44:07.369559
BRX,1388903936.0,2026-06-08 04:04:42.960559
BXSL,1386660992.0,2026-06-08 04:04:42.960559
HWC,1385184000.0,2026-06-08 14:44:06.982061
ARHS,1382125952.0,2026-06-08 04:04:53.658464
AAUC,1379527040.0,2026-06-08 04:04:53.658464
WBTN,1377869952.0,2026-06-09 13:41:06.766761
GCT,1377479040.0,2026-06-08 04:04:44.068028
GSM,1375687040.0,2026-06-08 04:04:44.068028
LC,1372130048.0,2026-06-08 14:44:06.982061
PCOR,1371160064.0,2026-06-08 14:44:09.894286
CNMD,1370514048.0,2026-06-08 04:04:42.960559
RDN,1370475008.0,2026-06-08 14:44:07.369559
KOS,1369916032.0,2026-06-08 14:44:06.982061
VIAV,1365699968.0,2026-06-09 13:41:06.766761
DLB,1364905984.0,2026-06-08 04:04:42.141673
TEM,1364167936.0,2026-06-09 13:41:06.766761
RLJ,1361474048.0,2026-06-08 14:44:07.369559
ACEL,1358605952.0,2026-06-08 04:04:53.658464
PENG,1348242944.0,2026-06-08 14:44:09.894286
EE,1346611968.0,2026-06-08 04:04:42.141673
TDW,1345564032.0,2026-06-09 13:41:06.766761
CRMT,1343049984.0,2026-06-08 04:04:42.141673
NGVC,1337800960.0,2026-06-08 14:44:10.506241
HQY,1337225984.0,2026-06-08 04:04:44.068028
SNBR,1337176064.0,2026-06-08 14:44:07.369559
VATE,1336600064.0,2026-06-09 13:41:06.766761
AVO,1335600000.0,2026-06-08 04:04:53.658464
LE,1335145984.0,2026-06-08 14:44:06.982061
CRDO,1335116032.0,2026-06-08 04:04:42.141673
HAE,1334027008.0,2026-06-08 04:04:44.068028
KFRC,1329342976.0,2026-06-08 14:44:06.982061
PGY,1329314944.0,2026-06-08 14:44:09.894286
PGYWW,1329314944.0,2026-06-08 14:44:09.894286
WOR,1327719936.0,2026-06-09 13:41:06.020266
SPHR,1325883008.0,2026-06-08 14:44:07.369559
KGS,1324216960.0,2026-06-08 14:44:06.982061
AX,1323920000.0,2026-06-08 04:04:53.658464
MGY,1320056064.0,2026-06-08 14:44:10.506241
SFIX,1319666944.0,2026-06-08 14:44:07.369559
BKE,1314449024.0,2026-06-08 04:04:42.960559
OTTR,1313730944.0,2026-06-08 14:44:09.894286
FRT,1312808960.0,2026-06-08 04:04:44.068028
KVYO,1312196992.0,2026-06-08 14:44:06.982061
PB,1310733952.0,2026-06-08 14:44:09.894286
HLX,1301356032.0,2026-06-08 04:04:44.068028
MNDY,1301011968.0,2026-06-08 14:44:10.506241
ORLA,1296091008.0,2026-06-08 14:44:09.894286
RGLD,1296024960.0,2026-06-08 14:44:07.369559
PGNY,1293127040.0,2026-06-08 14:44:09.894286
CMP,1291399936.0,2026-06-08 04:04:42.960559
FULTP,1290316032.0,2026-06-08 04:04:44.068028
FULT,1290316032.0,2026-06-08 04:04:44.068028
INDV,1290000000.0,2026-06-08 14:44:06.982061
OTF,1288572032.0,2026-06-08 14:44:09.894286
PLNT,1287453056.0,2026-06-08 14:44:09.894286
AM,1285721984.0,2026-06-08 04:04:53.658464
NWN,1285481984.0,2026-06-08 14:44:09.894286
WEST,1283981056.0,2026-06-09 13:41:06.766761
TEAD,1280087040.0,2026-06-09 13:41:06.766761
PAY,1279713024.0,2026-06-08 14:44:09.894286
ESNT,1279448960.0,2026-06-08 04:04:42.141673
SAFT,1276968960.0,2026-06-08 14:44:07.369559
DTM,1276000000.0,2026-06-08 04:04:42.141673
CACC,1275699968.0,2026-06-08 04:04:42.960559
IDT,1275575040.0,2026-06-08 14:44:06.982061
SEDG,1275464960.0,2026-06-08 14:44:07.369559
RVLV,1271853056.0,2026-06-08 14:44:07.369559
FWRG,1271219968.0,2026-06-08 04:04:44.068028
STRA,1270557952.0,2026-06-08 14:44:07.369559
HTH,1264163968.0,2026-06-08 14:44:06.982061
SLDE,1263591040.0,2026-06-08 14:44:07.369559
CRD-B,1263213952.0,2026-06-08 04:04:42.141673
CRD-A,1263213952.0,2026-06-08 04:04:42.141673
STRZ,1260833024.0,2026-06-08 14:44:07.369559
NFE,1258317952.0,2026-06-08 14:44:10.506241
BBSI,1254737024.0,2026-06-08 04:04:53.658464
GTM,1254000000.0,2026-06-08 04:04:44.068028
EXTR,1252046976.0,2026-06-08 04:04:42.141673
ESE,1248018048.0,2026-06-08 04:04:42.141673
TDS,1247224064.0,2026-06-09 13:41:06.766761
PRAA,1246750976.0,2026-06-08 14:44:09.894286
ROCK,1245431040.0,2026-06-08 14:44:07.369559
TCBIO,1245286016.0,2026-06-09 13:41:06.766761
TCBI,1245286016.0,2026-06-09 13:41:06.766761
LUCK,1242552064.0,2026-06-08 14:44:10.506241
RSI,1242381952.0,2026-06-08 14:44:07.369559
HFFG,1241856000.0,2026-06-08 04:04:44.068028
ACT,1241120000.0,2026-06-08 04:04:53.658464
OHI,1236269056.0,2026-06-08 14:44:09.894286
WLKP,1234740992.0,2026-06-09 13:41:06.020266
LDI,1233106048.0,2026-06-08 14:44:06.982061
UBSI,1231747968.0,2026-06-09 13:41:06.766761
WD,1228390016.0,2026-06-09 13:41:06.766761
LSPD,1227046016.0,2026-06-08 14:44:10.506241
OMCL,1225057024.0,2026-06-08 14:44:09.894286
KYIV,1224999936.0,2026-06-08 14:44:06.982061
KYIVW,1224999936.0,2026-06-08 14:44:06.982061
APAM,1222552960.0,2026-06-08 04:04:53.658464
LESL,1213815040.0,2026-06-08 14:44:06.982061
DLO,1212690048.0,2026-06-08 04:04:42.141673
TASK,1212020992.0,2026-06-09 13:41:06.766761
MATW,1211600000.0,2026-06-08 14:44:10.506241
TNC,1211399936.0,2026-06-09 13:41:06.766761
TECH,1210811008.0,2026-06-09 13:41:06.766761
SPWH,1209181952.0,2026-06-08 14:44:07.369559
PLCE,1208829952.0,2026-06-08 14:44:09.894286
AIN,1205372032.0,2026-06-08 04:04:53.658464
ARRY,1205190016.0,2026-06-08 04:04:53.658464
TREE,1204862976.0,2026-06-09 13:41:06.766761
MTG,1204478976.0,2026-06-08 14:44:10.506241
CVLG,1202278016.0,2026-06-08 04:04:42.141673
FIZZ,1197060992.0,2026-06-08 04:04:44.068028
RRGB,1196135040.0,2026-06-08 14:44:07.369559
FPS,1196000000.0,2026-06-08 04:04:44.068028
CMCO,1193451008.0,2026-06-08 04:04:42.960559
SHC,1189138944.0,2026-06-08 14:44:07.369559
WHD,1187080960.0,2026-06-09 13:41:06.766761
MTUS,1186099968.0,2026-06-08 14:44:10.506241
CVLT,1183689984.0,2026-06-08 04:04:42.141673
QNST,1181889024.0,2026-06-08 14:44:09.894286
XIFR,1180999936.0,2026-06-09 13:41:06.020266
VSEC,1180809984.0,2026-06-09 13:41:06.766761
VSECU,1180809984.0,2026-06-09 13:41:06.766761
PUMP,1180427008.0,2026-06-08 14:44:09.894286
CAVA,1179664000.0,2026-06-08 04:04:42.960559
NGVT,1177699968.0,2026-06-08 14:44:10.506241
TREX,1177677056.0,2026-06-09 13:41:06.766761
FIVN,1174701952.0,2026-06-08 04:04:44.068028
UPST,1173714048.0,2026-06-09 13:41:06.766761
NPO,1173100032.0,2026-06-08 14:44:10.506241
ABCB,1172459008.0,2026-06-08 04:04:53.658464
SYNA,1172000000.0,2026-06-09 13:41:06.766761
JBSS,1164315008.0,2026-06-08 14:44:06.982061
ORA,1163692032.0,2026-06-08 14:44:09.894286
FIG,1161027968.0,2026-06-08 04:04:44.068028
HR,1160866048.0,2026-06-08 04:04:44.068028
MAX,1159294976.0,2026-06-08 14:44:10.506241
MNRO,1157176064.0,2026-06-08 14:44:10.506241
MNR,1156909952.0,2026-06-08 14:44:10.506241
WAY,1156717056.0,2026-06-09 13:41:06.766761
HAYW,1148530048.0,2026-06-08 04:04:44.068028
ARIS,1142615040.0,2026-06-08 04:04:53.658464
AUGO,1142535040.0,2026-06-08 04:04:53.658464
BLKB,1139569024.0,2026-06-08 04:04:42.960559
LEGN,1139000064.0,2026-06-08 14:44:06.982061
FRPT,1136409984.0,2026-06-08 04:04:44.068028
CUBE,1134690944.0,2026-06-08 04:04:42.141673
MDGL,1132489984.0,2026-06-08 14:44:10.506241
POWL,1132055040.0,2026-06-08 14:44:09.894286
SCVL,1128338944.0,2026-06-08 14:44:07.369559
LOPE,1125520000.0,2026-06-08 14:44:06.982061
DRH,1123800064.0,2026-06-08 04:04:42.141673
ADTN,1122148992.0,2026-06-08 04:04:53.658464
KRC,1111875968.0,2026-06-08 14:44:06.982061
ONIT,1111200000.0,2026-06-08 14:44:09.894286
AENTW,1108636032.0,2026-06-08 04:04:53.658464
AENT,1108636032.0,2026-06-08 04:04:53.658464
MANH,1100819968.0,2026-06-08 14:44:10.506241
MPT,1099891968.0,2026-06-08 14:44:10.506241
DUOL,1098813056.0,2026-06-08 04:04:42.141673
RDNW,1098200064.0,2026-06-08 14:44:07.369559
PRA,1095440000.0,2026-06-08 14:44:09.894286
ACAD,1095250048.0,2026-06-08 04:04:53.658464
AHT,1094664960.0,2026-06-08 04:04:53.658464
KAI,1094542976.0,2026-06-08 14:44:06.982061
FSM,1094493056.0,2026-06-08 04:04:44.068028
SBLK,1093000960.0,2026-06-08 14:44:07.369559
SMTC,1089933056.0,2026-06-08 14:44:07.369559
PBH,1088705024.0,2026-06-08 14:44:09.894286
KODK,1087000064.0,2026-06-08 14:44:06.982061
CCC,1086710016.0,2026-06-08 04:04:42.960559
XHR,1084980992.0,2026-06-09 13:41:06.020266
USAC,1084140032.0,2026-06-09 13:41:06.766761
HWKN,1083696000.0,2026-06-08 14:44:06.982061
CSW,1082548992.0,2026-06-08 04:04:42.141673
GH,1080215040.0,2026-06-08 04:04:44.068028
MSGS,1079033984.0,2026-06-08 14:44:10.506241
HOMB,1074658944.0,2026-06-08 04:04:44.068028
MTSI,1073816064.0,2026-06-08 14:44:10.506241
SAIL,1071416000.0,2026-06-08 14:44:07.369559
BANC,1069356032.0,2026-06-08 04:04:53.658464
PAYO,1067752000.0,2026-06-08 14:44:09.894286
AESI,1063302016.0,2026-06-08 04:04:53.658464
SIMO,1061240000.0,2026-06-08 14:44:07.369559
DKL,1060859008.0,2026-06-08 04:04:42.141673
CALX,1059752000.0,2026-06-08 04:04:42.960559
IONS,1058190016.0,2026-06-08 14:44:06.982061
BCPC,1057350976.0,2026-06-08 04:04:42.960559
WSFS,1055265024.0,2026-06-09 13:41:06.020266
BORR,1051200000.0,2026-06-08 04:04:42.960559
S,1048905984.0,2026-06-08 14:44:07.369559
UCB,1047745024.0,2026-06-09 13:41:06.766761
CGNX,1046760000.0,2026-06-08 04:04:42.960559
RILYP,1045238016.0,2026-06-08 14:44:07.369559
RILYL,1045238016.0,2026-06-08 14:44:07.369559
RILY,1045238016.0,2026-06-08 14:44:07.369559
MMYT,1043990976.0,2026-06-08 14:44:10.506241
DAC,1042846976.0,2026-06-08 04:04:42.141673
EMBC,1042499968.0,2026-06-08 04:04:42.141673
AGX,1041900032.0,2026-06-08 04:04:53.658464
IPGP,1041481024.0,2026-06-08 14:44:06.982061
FIBK,1040099968.0,2026-06-08 04:04:44.068028
WSBCO,1037641024.0,2026-06-09 13:41:06.020266
WSBC,1037641024.0,2026-06-09 13:41:06.020266
ALRM,1037558016.0,2026-06-08 04:04:53.658464
CBC,1037465984.0,2026-06-08 04:04:42.960559
GBCI,1037214016.0,2026-06-08 04:04:44.068028
STNG,1037097984.0,2026-06-08 14:44:07.369559
GLIBK,1036000000.0,2026-06-08 04:04:44.068028
GLIBA,1036000000.0,2026-06-08 04:04:44.068028
BKU,1034081984.0,2026-06-08 04:04:42.960559
EBC,1032724992.0,2026-06-08 04:04:42.141673
LMRI,1030617024.0,2026-06-08 14:44:06.982061
ONTO,1030604992.0,2026-06-08 14:44:09.894286
TNDM,1027534976.0,2026-06-09 13:41:06.766761
GLBE,1024398976.0,2026-06-08 04:04:44.068028
MAC,1024307968.0,2026-06-08 14:44:10.506241
PNTG,1023227008.0,2026-06-08 14:44:09.894286
ANGI,1022771968.0,2026-06-08 04:04:53.658464
TENB,1022326016.0,2026-06-09 13:41:06.766761
MSGE,1018600000.0,2026-06-08 14:44:10.506241
TTAN,1014097024.0,2026-06-09 13:41:06.766761
PXED,1013582016.0,2026-06-08 14:44:09.894286
CWT,1010739968.0,2026-06-08 04:04:42.141673
TGLS,1010334016.0,2026-06-09 13:41:06.766761
TNK,1006252032.0,2026-06-09 13:41:06.766761
KEN,1005929024.0,2026-06-08 14:44:06.982061
NOVT,1004940992.0,2026-06-08 14:44:10.506241
NOVTU,1004940992.0,2026-06-08 14:44:10.506241
GTLB,1004873024.0,2026-06-08 04:04:44.068028
TK,1003974976.0,2026-06-09 13:41:06.766761
DEI,1003406016.0,2026-06-08 04:04:42.141673
CCRN,1001942016.0,2026-06-08 04:04:42.960559
ALAB,1001443968.0,2026-06-08 04:04:53.658464
